Santiago Lionel,Lorca,30904465,1999-03-17,2201
Agustin Emanuel,Zambrano,21689196,2000-05-10,9325
Tiago Nicolás,Rivera,34407251,2001-08-29,1033
Camila Rocio,Varela,37130775,1995-05-09,4179
Diego Agustin,Mamani,33259835,1991-01-08,1931
Marcos Nahuel,Rotman,28625624,2002-09-04,8117
Kiara Valentina,Basile,32250087,1987-05-17,7364
Joaquin Sebastian,Rivera,21104770,1980-12-11,7737
Milagros Jazmin,Sosa,37840762,1991-12-20,6219
Diego Alejandro,Sánchez,33132631,1987-07-29,3439
Rodrigo Gabriel,Varela,35387663,1999-07-11,1537
Gonzalo Joaquin,Leal,35404267,1994-04-01,7993
Tiago Benjamin,Saldaña,39589706,1986-09-19,464
Facundo Benjamin,Pérez,27469637,1990-12-16,6386
Antonella Belén,Rotman,21017805,1999-02-11,7090
Emilio,Santos,26465131,1995-12-27,9952
Ignacio Nahuel,Castillo,29789035,1981-05-09,34
Alan Leonel,González,28975550,1996-12-01,7297
Julieta Abigail,Mancuso,38048460,1989-01-27,4363
Maria Isabel,Santana,35109636,1991-07-19,3748
Ana Gabriela,Rodríguez,20322847,1989-03-01,9685
Sofia Ayelen,Pérez,20025664,1988-10-15,1674
Gianella,Rivera,34563722,1980-03-25,5200
Juan Segundo,Casares,31707681,1982-11-22,501
Ailen,Benítez,36688485,1992-09-18,365
Jonathan,Pérez,36556481,2003-10-05,416
Alex,López,24903795,1985-02-27,8870
Sol Agustina,Farina,37961297,1983-09-23,150
Tiago Agustin,Portillo,35595327,1999-08-25,6245
Ariadna,Agüero,29301126,2001-02-12,3548
Kiara Aylen,Surace,25488689,1987-02-19,6915
Javier,Nave,27932478,1987-07-23,475
Cristian Ezequiel,Hernández,29612281,1997-07-04,8644
Daniel Agustin,Borges,34109372,2003-04-11,3632
Juan Roman,Rojas,34498275,1983-05-13,7174
Leonardo Gabriel,Marino,23212056,1981-04-08,8123
Gonzalo Emanuel,Santos,25460140,1994-10-26,9058
Maximo Gabriel,Santos,24324515,1994-10-20,3818
Miguel Alejandro,Loreto,35954721,1980-06-09,5663
Gastón Ezequiel,Pérez,32725250,1992-08-24,3782
Rodrigo Emanuel,Moreno,27836237,1980-11-16,3584
Lucas Valentin,Sánchez,32684732,2003-10-02,7530
Brenda Magali,Gutiérrez,21102535,1987-03-27,4747
Lucas Matias,Maradona,24157753,2001-01-01,352
Fernando Agustin,Sala,23447363,1997-09-05,6818
Gonzalo David,Portillo,24845422,1992-11-10,9116
Lucas Ivan,Flores,20471656,1994-06-24,1638
Joaquín Emanuel,Castillo,33463285,1985-02-24,3045
Francisco Gabriel,Soto,24658027,1991-11-18,4856
Tiago Nahuel,Castro,22073023,1980-09-20,1980
Ezequiel Agustin,Flores,38262126,1982-08-23,5450
Cristian Daniel,Sala,29034529,2002-01-30,8205
Valentina Nahir,Rosso,26279586,1995-12-09,6915
Rocio Ailen,Sotomayor,37628215,1990-11-19,8318
Valentina Sofia,Nari,28413917,1983-06-02,3110
Tomas Leonel,Fava,36815862,1993-01-30,4970
Agustina Ailen,Mariani,23990518,1999-09-30,4655
Lucia Valentina,Huergo,30209599,1997-01-04,9626
Victoria Belen,Pereyra,26526190,1985-03-04,8181
Iara Belen,Benítez,21778852,1981-03-28,8278
Kiara Belen,Pineda,37030334,1980-06-15,6444
Antonio,Quispe,31176841,1982-01-04,9650
Lautaro Joel,Goicochea,39582518,1983-06-05,565
Jonathan David,García,31429250,1998-11-24,7868
Luciano Nahuel,Rómulo,34971716,1986-01-19,3977
Renzo,Mora,30910109,1997-01-13,6623
Camila Antonella,Rotman,20240135,1986-06-03,6788
Leonardo Ezequiel,Hernández,27991634,1980-11-23,2834
Cristian Ariel,Hidalgo,31837152,2002-08-16,6014
Brisa Abril,Godoy,24309570,1985-02-10,8991
Lourdes Milagros,Espinoza,33801994,2002-12-07,6139
Jimena,Casares,23392652,1981-02-05,1416
Lautaro Ismael,Casares,32954879,1987-03-13,7191
Micaela Abigail,Leiva,29530320,2001-06-16,8330
Alexis Daniel,Gómez,24200679,1995-01-20,1768
Luna Morena,Marchi,34299442,1991-12-21,2682
Mauro Ezequiel,Mamani,31859994,1997-03-07,8535
Lourdes Abigail,González,28162197,1981-10-18,6443
Agustin Ariel,Silva,22881865,1994-04-09,6070
Joaquin Tomas,Hoffmann,27944796,2003-07-11,8023
Franco Ariel,Farías,28169339,1990-02-07,484
Ariana Abigail,Ibáñez,25594255,1990-12-07,7689
Pablo Gabriel,Nari,33400149,1991-11-18,712
Lautaro Ivan,Pineda,35478788,1982-08-14,5054
Thiago Alejandro,García,22435130,1984-01-22,9718
Facundo Javier,Mejía,25048826,1985-01-23,9472
Santiago Matias,Rotman,38576076,2003-12-13,6448
Axel Joel,Pavón,21588464,1981-03-07,2791
Franco Valentin,Jiménez,27423553,1990-08-03,2762
Jose Gabriel,Zurich,27116144,1987-05-10,8228
Valentin Ezequiel,Martínez,26573110,2004-05-17,3718
Facundo Alejandro,Hoffmann,36167115,1984-08-01,201
Luciana Abigail,Flores,33869950,1981-01-11,3268
Mariano Agustin,Nave,23769596,1998-04-07,8841
Brisa Ailen,Leiva,30925064,1999-01-05,8983
Milagros Lucia,López,27098055,1991-09-14,3803
Ivan Alejandro,Leiva,27645568,1989-10-27,6626
Nicolas Ariel,Ramírez,26576026,1981-05-03,8417
Lucas Ignacio,Hoffmann,25950153,1998-09-28,5633
Alejo Agustin,Duarte,38618547,2004-04-06,9466
Sol Valentina,Vargas,25125952,1997-10-16,5788
Priscila Abril,Martínez,38466819,1981-04-24,7522
Luka,Agüero,22925249,1999-01-11,4411
Mauro,Pedone,34204561,1989-03-17,8978
Facundo David,Duarte,38053506,1992-01-18,9976
Agustin Sebastian,Sala,20995239,1999-04-16,93
Jonathan Gabriel,Leiva,34485413,1999-12-11,6286
Kevin Leonel,Moreno,34226329,2001-05-26,8396
Camila Valentina,Villalba,34747200,1984-03-17,2117
Agustin Nahuel,Maradona,27715748,1995-01-30,8498
Tobias Valentín,Fazzi,29260714,1980-11-21,9197
Brisa Antonella,Vera,26031735,1999-03-27,3366
Gregorio,Carrizo,30241653,1996-11-05,6981
Donato,Silva,29998476,1993-11-09,919
Axel Ariel,Huergo,30924175,1990-12-24,7882
Martina Guadalupe,Huarte,20885854,1990-05-31,5975
Melany,Maradona,32821471,1996-08-15,9338
Maria Alejandra,Abadía,34886103,1981-12-15,9083
Pablo Sebastián,Varela,39077892,1990-01-05,3274
Gabriela,Farías,20645852,2002-11-30,8269
Agustin Tomas,Farías,29635032,1980-04-21,6773
Abril Micaela,Castillo,21753538,2001-09-22,7945
Valentin Nicolas,Galán,39951086,1994-03-14,5845
Camila Victoria,Vasile,22585587,1989-06-07,6789
Diego Ezequiel,Goicochea,25484773,1994-01-17,5670
Enzo Nicolás,Villalba,28661370,1987-06-06,25
Elias Benjamin,Maradona,27171599,1981-02-27,8822
Maximo Nicolas,Sorbera,33666783,2000-03-09,8849
Camila Guadalupe,Morales,27041308,1996-03-06,5425
Berenice,Villalba,30677560,1985-05-14,7506
Luciano Martin,Saldaña,31419924,2001-07-02,9828
Valentina Pilar,Álvarez,23474471,1982-03-23,458
Brisa Agustina,Reyes,39123425,1997-01-03,3761
Franco Martin,Basile,22964362,2000-03-21,2903
Kevin Uriel,Arredondo,22490294,1991-06-09,9023
Lucas Tomás,Arellano,38386490,1994-09-30,9575
Dylan Nahuel,Schapira,37298338,1999-09-26,2961
Marcos David,Farina,24017793,1984-05-14,1500
Brisa Belen,Maradona,22213134,2004-07-27,9028
Federico Gabriel,Reyes,25158945,1987-01-15,4182
Mirko,Pavón,34396268,2003-10-31,531
Tiago Ezequiel,Martínez,20705712,1991-08-07,1154
Natalia,Pineda,26319247,1981-12-08,1363
Matías Javier,Nave,26405446,1996-12-25,273
Ariel Alejandro,Amenedo,22626512,1993-07-20,7421
Solana,Delgado,20048025,2002-02-04,238
Milagros Celeste,D'Elia,28954498,1994-06-14,4607
Luz,Ramírez,37328366,1997-05-03,4088
Mia Abril,Díaz,32904778,2003-12-22,4401
Facundo Manuel,De Luca,35637612,1983-05-11,1793
Guido,Arellano,37749931,1996-07-26,3024
Adrian,Basile,34214312,1987-06-09,5643
Luciano Andres,Sojero,23385395,1980-04-22,4756
Milagros De Los Angeles,Vargas,38379532,2002-01-11,1138
Candela Lucia,Gonzales,25504380,1989-05-30,2743
Nahuel Nicolas,Gómez,32699860,1987-08-02,2615
Kevin Gabriel,Fornerón,34112271,1986-05-03,4181
Gonzalo Benjamín,Leal,20421847,2003-12-29,8640
Cristian David,Totora,25134334,1987-07-05,2754
Agustin Ignacio,Farías,22176632,1990-11-14,4471
Lucas Damian,Moreno,39559098,1996-01-02,4824
Carlos Alberto,Farías,33114579,2002-08-12,7449
Juan Daniel,Salem,27531133,1993-03-21,5275
Elena,Reyes,30191244,1994-06-24,8134
Kiara Agustina,Castro,28309290,1985-06-22,7762
Matilda,Moreno,31458134,2004-05-19,1870
Abril Antonella,Hernández,31134443,1991-06-23,387
Lionel Agustin,Rebollo,33092255,1994-04-30,5111
Segundo,Salamone,33738684,1985-05-15,6333
Angela,Demichelis,31044987,1993-05-01,5625
Rocio Abril,Rivera,28049321,1986-02-22,6896
Daiana,Rodríguez,20918705,1987-12-11,3080
Axel Maximiliano,Hernández,22805508,2002-11-15,4233
Alan David,Marini,33147606,1994-08-22,1781
Florencia Micaela,Sosa,36277148,2003-03-22,4152
Diego Nicolas,Sojero,36108379,2002-01-28,8357
Mauricio Nicolas,Scioti,39499965,1983-05-13,3425
Priscila Milagros,Huarte,28581696,1992-03-15,9922
Maria Catalina,Gómez,35464778,1998-05-12,7072
Axel Javier,García,23759022,1999-05-22,341
Victoria Valentina,Rosso,29551822,1999-03-19,3692
Martiniano,Sala,32206030,1993-05-07,292
Juan Diego,Sánchez,28901425,1982-05-17,6509
Diego Armando,Arellano,21140419,1989-04-11,2399
Agustin Maximiliano,Castro,33244888,1988-05-15,578
Maria Trinidad,Villalba,39120916,1987-02-10,2625
Margarita,Marín,29250837,1986-09-22,7301
Evelyn,Godoy,27006807,1985-02-06,8295
Diego Martin,Rebollo,28280681,1989-03-08,6990
Alexis Sebastian,Farina,32729973,1995-08-21,8924
Priscila Jazmin,Santos,28536973,1992-12-24,3614
Julieta Agustina,Agüero,23261311,1991-04-02,8463
Brenda Abigail,Lorca,20763831,1987-05-31,7386
German,Pedone,34525509,1981-03-28,3656
Axel Rodrigo,Fornerón,24534309,1993-04-02,8583
Kevin Joel,Casares,39657306,1980-02-04,502
Micaela Soledad,Rosso,36297888,1989-10-28,6470
Jose Fernando,Morales,34380105,1990-04-25,9434
Francisco Ezequiel,Rodríguez,35079455,1992-05-30,5263
Franco Javier,Scioti,32765329,1999-12-12,6984
Federico Nahuel,Portillo,30242521,1987-05-09,963
Kevin Alejandro,Reyes,23443672,1984-09-09,4892
Nicolas Daniel,Pérez,31183601,2000-02-04,2059
Priscila Ailen,Zurich,29857805,1993-04-04,3475
Maria Elena,Fernández,32660247,2003-03-27,777
Cristian Alejandro,Gonzales,37439537,1995-12-18,5019
Celeste Milagros,Varela,33552232,1998-10-23,1158
Priscila Nicole,Scioti,20376725,1997-02-11,1252
Maximo Joaquin,León,36414099,1986-09-25,5084
Micaela Aylen,León,35424909,1991-08-19,4880
Ezequiel Nicolas,D'Elia,37289039,1989-07-04,2592
Rocio Jazmin,Portillo,31313249,1999-05-12,6818
Candela Guadalupe,Sotomayor,28367629,1984-07-29,9255
Franco Lautaro,Giordano,29523698,1982-11-19,4134
Maria Mercedes,Castillo,28356794,2002-03-03,2136
Axel Sebastian,Vasile,22461266,1993-11-09,138
Kevin Ariel,Portillo,28546760,1981-04-20,9186
Candela Ailen,Mariani,33575020,1988-02-03,621
Brandon Ezequiel,Pedone,38033754,1999-02-09,9676
Juan Ramon,Valenzuela,25638901,1985-05-30,3565
Angeles,Flores,39387196,1996-12-26,9343
Axel Benjamin,Zurich,27573524,2003-10-06,7550
Faustina,Salvador,38024379,1997-01-24,2810
Axel Emanuel,Nari,21672432,1983-05-07,8337
Alina,Lorca,34362973,1990-08-02,613
Paula Valentina,Andrade,38030827,1983-05-17,6192
Thiago Daniel,Totora,38588163,1987-05-25,3283
Sabrina,Vasile,35598929,1995-10-19,5684
Nicolas Nahuel,Salvador,21179346,1989-02-21,1622
Pablo Daniel,Rebollo,24348950,1988-10-17,3371
Nicolas Andres,Hoffmann,28077918,1997-11-11,9394
Maria Antonella,Marín,21172428,2002-09-02,7093
Martina Pilar,Varela,21030209,1999-01-06,9689
Bautista Ezequiel,Rivera,25729822,1995-03-12,3180
Lara Agustina,Pinedo,31431709,1999-04-07,8066
Joaquin Ariel,Gonzales,39694174,1982-03-17,1710
Tomas Uriel,Nari,23118056,1988-01-03,6390
Lautaro Maximiliano,Vasile,38854417,1990-04-15,4850
Santiago Román,Amenedo,31530518,1994-03-11,8259
Valentina,Santos,34220500,1995-10-24,8188
Santiago,Sosa,21795517,1980-06-06,281
Martina,Villalba,35828583,1996-01-07,5330
Joaquin,Lorca,24869816,1990-02-19,6591
Juan Ignacio,Saldaña,26932679,1989-08-22,4609
Sofia,Gonzales,28092453,1985-06-07,296
Tomas,González,21321046,2002-03-22,2571
Bautista,Maradona,26529875,2000-08-11,3290
Mateo,Vargas,33951488,2002-08-11,5369
Catalina,Vargas,22989374,1999-04-29,9229
Benjamin,Hoffmann,36776169,1985-06-12,2214
Agustin,Amenedo,24400101,2001-06-30,5555
Santino,Godoy,39568913,1998-04-05,7032
Juan Cruz,Pineda,38560361,1991-01-28,3490
Camila,Pérez,36746786,1989-06-14,4366
Francisco,Rojas,39054126,1986-09-28,1579
Ignacio,Scioti,39899807,1995-12-27,6213
Lautaro,Rivas,26454417,1996-09-19,8972
Juan Pablo,Scioti,27930624,1986-04-09,5633
Valentino,Salem,20173344,1998-03-28,8754
Lucia,Rotman,39045077,1999-04-11,7938
Delfina,Nessi,29925842,1995-11-07,8724
Agustina,Sorbera,38852676,1994-10-30,3844
Abril,Delgado,31697271,1980-03-04,1070
Victoria,Álvarez,34277360,1995-02-14,661
Guadalupe,Borges,28487152,1981-01-25,1387
Nicolas,Gutiérrez,34770462,2003-08-02,2179
Valentín,Jiménez,37529515,1981-07-13,2780
Julieta,Agüero,37973173,1986-03-16,2728
Morena,Nave,39443283,1986-03-17,8818
Candela,Pedone,20270416,2003-06-13,3489
Milagros,Carrizo,25559492,1992-11-30,4391
Facundo,Abadía,25364789,1980-08-05,5443
Matias,Hoffmann,33546100,1988-12-19,9833
Maria Victoria,Muñoz,32253865,2004-05-03,8288
Josefina,Giordano,20821648,1981-04-01,4182
Franco,Scanone,33191811,1995-08-09,6031
Juan Manuel,Fornerón,33038394,1997-03-15,5551
Felipe,Arredondo,25584196,1991-11-28,5575
Juana,Vasile,23460095,1993-10-24,1866
Lucas,Pavón,34083855,1985-08-19,4771
Maximo,Goicochea,27218719,1998-12-16,3853
Pilar,Zambrano,22075324,1996-07-05,9895
Juan Bautista,Lorca,25783505,1989-03-23,8008
Lautaro Ezequiel,Rojas,23785932,1986-08-06,2217
Thiago,Ramírez,28292504,1994-01-01,9502
Malena,Giménez,23939449,1991-10-11,9030
Lola,Schapira,34210410,2000-06-07,1708
Mia,Marín,31259603,1986-09-15,5254
Santiago Nicolas,Zurich,39514047,1991-06-07,641
Matias Ezequiel,López,22347768,1983-01-09,6661
Martin,Galán,33358316,1980-10-04,1199
Ana Paula,Valenzuela,34220380,1981-04-14,6229
Tomas Agustin,Vera,24519477,1983-06-06,2413
Manuel,Andrade,31262917,2000-01-26,2048
Agostina,Loreto,29355257,1991-01-12,5585
Ramiro,Espinoza,35249951,1981-11-02,1879
Constanza,Arredondo,38557745,1992-08-17,9624
Maria Belen,Giordano,27317294,1982-06-16,6193
Luca,León,36487830,1995-06-06,1255
Bruno,Gonzales,26369298,1998-02-04,9351
Micaela,Arellano,27969503,1986-11-10,9015
Lara,Pavón,36610281,1996-11-27,3665
Federico,Mejía,36751823,1987-08-12,9272
Lautaro Agustin,Díaz,38021814,1993-06-07,1339
Julian,Reyes,21870684,1992-09-05,4370
Lautaro Nicolas,Arredondo,28794048,1999-06-17,5978
Bianca,Sberna,34985467,1980-11-04,4842
Tobías,Basile,32349556,2000-12-31,9247
Renata,Morales,32971690,1990-02-20,8753
Pedro,Schapira,37278116,1985-07-08,1872
Gonzalo,Rodríguez,23009555,2003-06-20,7500
Sofía Belén,Surace,29291074,1983-05-23,4541
Lautaro Benjamin,Casas,31376635,1997-04-01,1765
Florencia,Pedone,35242753,2002-05-15,749
Juan Gabriel,Santana,28178805,1989-12-01,4845
Rocio Belen,González,21181541,1989-07-02,202
Lautaro Nahuel,Borges,28578805,2003-12-21,238
Miguel Angel,González,37750771,1994-07-23,1502
Santiago Agustin,Hoffmann,24531521,2000-09-09,6775
Sebastian,Raimundo,21667870,2002-10-12,1885
Emilia,De Luca,23077091,1998-11-04,655
Jazmin,Delgado,38921808,2002-07-30,3078
Clara,Jiménez,25470754,1992-10-26,3926
Camila Belen,Santana,27554653,1988-05-31,9614
Jeremias,Gonzales,30818334,1999-02-10,6897
Mora,Ramírez,36137633,1993-11-10,2654
Luciano,Silva,21395477,1980-06-28,1893
Alejo,Sánchez,31025738,1983-09-14,7387
Julia,Rotundo,28490604,1993-11-13,2742
Maria Valentina,Abadía,31238694,1998-08-04,3955
Rocio,Pinedo,39964048,1994-04-27,2604
Antonella,Delgado,28916192,1985-04-26,1684
Simon,Rómulo,33511754,1986-07-28,7128
Maria Sol,Farina,36654151,1983-03-15,6197
Lucas Ezequiel,Rotman,31400254,1985-01-16,8895
Maria De Los Angeles,Ramírez,36684477,2003-12-10,4817
Guillermina,Nessi,32319389,1988-09-23,9014
Valentina Abril,Andrade,26736124,1994-07-27,4151
Matias Nicolas,García,29018943,1990-03-10,7815
Paloma,Agüero,39473543,1987-11-08,5152
Maria Emilia,García,38534179,1982-12-05,1640
Juan Martin,González,29972622,1990-11-14,3401
Ezequiel,Ramírez,24460073,1990-10-17,5200
Facundo Nicolas,Hoffmann,31242033,1986-12-18,649
Paulina,Salvador,28198798,2001-07-30,446
Maria Jose,De León,24750291,1980-10-27,172
Juan David,Santana,36275989,1992-04-16,4842
Lautaro Gabriel,Mamani,21343255,1986-06-09,9774
Juan Jose,Rojas,22476486,1987-10-03,5246
Tiziano,Sánchez,21620385,2004-02-03,7370
Lorenzo,Mancuso,25373972,1982-11-01,6410
Santiago Ezequiel,Santos,28994491,1995-11-29,5132
Maria Luz,León,29055367,2001-04-20,6529
Lourdes,Lorca,20878920,1981-10-19,1031
Agustin Ezequiel,Portillo,25045640,2000-06-04,1051
Angelina,Pedone,20909766,1998-06-13,5199
Ludmila,Farina,36058379,1992-11-22,9854
Maria Paz,Gutiérrez,30819887,1980-04-29,7468
Priscila,Marchi,31576095,1982-03-18,1824
Milagros Belén,Demichelis,26394707,2003-10-14,4097
Marcos,Mora,25307576,2002-03-27,3525
Nahuel,Díaz,26938029,2002-03-22,8895
Milena,Marchi,27014386,1994-07-29,7682
Luciana,Hoffmann,30286890,1991-08-05,5829
Agustina Belen,Sotomayor,33931831,1986-09-11,4244
Tomas Ezequiel,Carrizo,29014651,2001-01-09,3001
Nicolas Agustin,Rivera,24681639,1983-10-05,8873
Giuliana,Rotman,23486967,1983-09-25,3405
Santiago Gabriel,Salazar,25330824,1992-07-08,5035
Juliana,Sojero,20834219,1982-07-29,3263
Ivan,Marchi,33743803,1993-08-01,4036
Maximiliano,Casas,38175749,1983-10-22,5905
Maria Guadalupe,Goicochea,29798566,2003-10-05,1333
Isabella,García,24911392,1984-07-23,4600
Santiago Tomas,Rodríguez,22363758,2000-05-26,1464
Angel Gabriel,Rómulo,36523583,1995-07-02,7338
Jose Luis,Mejía,39673489,1988-11-01,1482
Santiago Nahuel,Santos,28068165,1983-09-12,9410
Gabriel Alejandro,Arredondo,24701969,1993-10-26,5552
Tiago,Raimundo,37269027,1984-03-10,3726
Joaquín Ignacio,Álvarez,37195920,2000-10-05,6397
Carolina,Mamani,34758627,1998-09-03,5026
Candelaria,Flores,28897256,1995-01-13,672
Octavio,Espinoza,39060832,1995-08-11,5361
Jose Ignacio,Abadía,35177890,1996-08-21,3060
Sol,Casas,31117195,1984-05-07,5189
Juan,Hoffmann,30077999,1985-08-19,9486
Lucia Belen,Borges,26193343,1995-03-01,4961
Dante,Rotundo,26735990,2003-07-27,4027
Franco Ezequiel,Abadía,20602104,1985-03-22,5477
Lucas Gabriel,Carranza,22203362,1985-01-27,1653
Lautaro Joaquin,Saldaña,21445207,1993-07-23,8916
Juan Francisco,Sorbera,38317044,1988-01-26,9486
Geronimo,Reyes,27131093,1986-10-09,9764
Emiliano,Salem,36692663,2004-02-05,1508
Emma,Raimundo,30551028,1989-08-13,4015
Gabriel,Sberna,21894986,1983-02-26,3607
Maria Agustina,Saldaña,37541738,1989-09-18,333
Agustin Nicolas,Agüero,34623842,1996-08-17,3993
Olivia,Marini,26402080,1984-06-26,6582
Rodrigo Alejandro,Loreto,35936116,1981-07-30,1185
Nicolas Ezequiel,Mejía,24855539,1992-07-14,4391
Maria Eugenia,Pereira,33834389,1996-09-04,9030
Joaquin Ezequiel,Nave,33496953,1992-07-17,1161
Lautaro Daniel,Pérez,29061016,2001-06-09,1230
Juan Carlos,Mora,27226857,1991-09-09,352
Maia,Fornerón,21531718,1994-05-16,162
Milagros Valentina,Hernández,20167754,1984-03-25,4764
Milagros Abril,Sotomayor,36214397,1986-02-15,5884
Franco Agustin,Casas,39562856,2000-06-21,8081
Brisa,Giménez,38651378,1995-02-10,7681
Leonel,Fornerón,21204341,1982-04-13,2526
Zoe,Gonzales,20381686,2004-04-02,1653
Augusto,García,20760172,1989-11-03,8215
Lisandro,Rojas,30787602,1985-07-20,5375
Abigail,Surace,24378662,2001-03-25,1263
Lucio,Zurich,23554137,1992-08-11,8343
Alma,Nari,24855436,1993-02-11,2838
Amparo,Vera,38491765,1999-10-08,2942
Facundo Ezequiel,Goicochea,23895488,1987-01-23,2450
Salvador,Rotundo,32056299,1995-05-20,2318
Rodrigo,Jiménez,32865722,2004-05-17,5239
Thiago Agustin,Casas,26834059,1999-05-06,5007
Matias Nahuel,Leal,28923206,1988-07-09,1751
Franco Nicolas,Morales,38794257,1997-04-30,8427
Gonzalo Ezequiel,Leiva,24875017,1981-06-04,9861
Ignacio Agustin,Salazar,21666127,1982-05-12,4808
Lautaro Leonel,Goicochea,32433141,1985-10-30,2069
Magali,Hernández,25755552,1995-03-23,3387
Matias Agustin,Farina,35915440,1983-08-08,2321
Santiago Benjamín,Pineda,39300279,1989-07-23,8937
Milagros Ayelen,Mariani,25183563,2001-09-15,520
Milagros Abigail,Marino,32991209,2003-09-27,5178
Tiziana,González,33902306,2004-07-28,9059
Maitena,Santana,28016026,1980-04-03,3365
Santiago Ariel,Quispe,20688272,1997-07-21,2918
Tatiana,Ibáñez,36913453,1988-08-03,4897
Valentina Abigail,Rebollo,33779141,1996-08-30,7088
Maria Milagros,D'Elia,21413273,1982-09-30,8806
Tomas Benjamin,Carrizo,21676232,1993-08-23,2586
Santiago Martin,Maradona,37726656,1993-09-03,795
Rodrigo Ezequiel,Surace,33796590,2002-06-13,4051
Melina,Nari,37579117,1984-02-06,4138
Paula,Gómez,33362906,2002-10-02,1055
Violeta,Pineda,39265003,1986-12-05,7318
Franco Nahuel,Rosso,32364958,1981-02-05,7047
Luisina,Pérez,25082917,1985-04-19,8999
Maria Pia,Vasile,26837432,1992-11-21,4099
Ana,Valenzuela,38502659,1983-03-11,8869
Lucas Agustin,Hidalgo,39556925,1990-02-24,7199
Maria Lujan,Salem,22318755,2000-02-26,8815
Milagros Agustina,Marini,26737048,1994-04-06,7427
Mateo Nicolas,Villalba,32194406,1987-11-08,178
Matias Gabriel,Mariani,25308218,1983-02-17,6483
Jeronimo,González,34806944,2004-06-09,5548
Facundo Nahuel,González,23828624,1990-01-15,2810
Facundo Gabriel,Maradona,21933836,1981-02-07,4226
María Florencia,Rivas,28244838,1991-06-02,7959
Mariano,Álvarez,33628840,1992-12-15,399
Luna,Rivas,21530796,2002-06-12,6826
Trinidad,Marín,35694046,1998-05-04,9348
Milagros Aylen,Ibáñez,27554399,1996-08-13,309
Matias Alejandro,Muñoz,30141493,2001-12-24,1021
Santiago Daniel,Saldaña,21492360,1984-06-22,5815
Ludmila Abigail,Mora,30408027,1982-02-03,9503
Kiara,Carranza,33569183,2002-03-18,2265
Alejandro,Santana,23286661,1991-01-05,9724
Thiago Nicolas,Rotman,26651400,2003-09-15,2050
Emanuel,Farina,34392142,1999-06-14,2269
Santiago Leonel,Marino,20716359,1988-01-31,4245
Axel Gabriel,Espinoza,23824586,1999-04-25,4536
Benicio,Portillo,23712849,1989-02-28,6517
Francesca,Marchi,27768947,2003-03-30,9241
Sofía Valentina,Morales,38947372,1986-07-21,6571
Juan Sebastian,D'Elia,29172677,1994-02-08,2820
Ignacio Nicolas,Marino,21705313,2003-06-13,1462
Lautaro Tomas,Soto,30726669,1993-02-10,3826
Lucas Nahuel,Marín,36061555,1994-04-05,7962
Lucila,Fava,26325108,1980-07-28,122
Maria Celeste,Rebollo,25757764,1983-09-09,2909
Valentina Belén,Schapira,29355834,1998-11-11,8662
Priscila Abigail,Demichelis,29592320,1990-06-18,5197
Lautaro Valentin,Totora,36816275,2001-03-22,8206
Ciro,Ibáñez,24963679,2001-10-23,7181
Lautaro Emanuel,Rotundo,31864859,1986-09-07,3698
Thiago Benjamin,Rotundo,20750366,1984-09-05,3905
Luis Fernando,Rotman,30789732,1984-06-10,5127
Maria,Castro,32665820,1980-03-29,8111
Alvaro,Andrade,33384718,2003-11-14,7845
Candela Abigail,Hernández,32446141,2002-04-09,3687
Joaquin Alejandro,Varela,33010076,1983-02-20,6754
Genaro,Moreno,34787474,2000-08-29,5520
Magdalena,Sánchez,23690057,1988-08-10,9181
Agustin Alejandro,Arredondo,20580210,2000-12-25,4509
Santiago Valentin,Marín,29366596,2001-05-25,3595
Santiago Emanuel,Raimundo,31367923,2000-07-25,789
Santiago Joaquin,Rosso,35282625,1984-06-14,1172
Martin Alejandro,Sánchez,25281343,1992-02-29,8383
Thiago Nahuel,De León,33199892,1997-04-25,6040
Mateo Benjamin,Basile,36485430,1997-06-08,2612
Franco Gabriel,Pereira,27063761,1983-04-16,8382
Facundo Agustin,Casares,22228800,1998-03-29,3339
Lautaro Sebastian,Rivas,26025922,1984-05-03,5108
Milagros Soledad,Casares,23097585,1993-05-17,4894
Ana Laura,Pereyra,29812701,1980-07-10,4908
Lautaro Martin,Pavón,27320611,1982-02-28,9049
Celeste Abigail,Carrizo,31901607,1996-01-18,6088
Nicole,D'Elia,39340658,1996-11-05,2706
Abril Agustina,Rodríguez,37112363,1999-02-20,7614
Nicolas Alejandro,Pérez,26847390,1984-08-08,9741
Lucas Daniel,Lorenzo,27762709,1985-02-07,1392
Micaela Belen,Contreras,36789030,1993-06-18,2019
Chiara,Salamone,23432043,1988-04-24,9930
Victoria Abril,Rodríguez,38695479,1985-10-27,8420
Manuela,Rotman,29712707,1994-03-18,9359
Ulises,Scioti,35103095,1985-04-21,6180
Franco David,De León,32064603,1980-04-09,2888
Santiago David,Carranza,26709146,1994-01-16,2552
Tomás Valentin,Mancuso,22260043,2002-03-10,4105
Gonzalo Nicolás,Rivas,24634690,1987-10-04,6991
Uriel,Fava,37925200,1982-08-12,3565
Joaquin Nicolas,Basile,33834486,1989-03-14,9330
Thiago Valentin,Schapira,34280864,1986-12-09,854
Román,Mora,31377922,1998-07-13,8110
Luciano Gabriel,Soto,29700746,1985-02-20,6448
Camila Aylen,Gonzales,32730349,1999-09-17,5701
Mia Valentina,Martínez,25338421,1986-01-16,6291
Thiago Ezequiel,Maradona,31748534,2000-05-10,8438
Fiorella,Gutiérrez,27886260,1982-02-09,2700
Celeste,Giordano,29412988,1990-10-05,8916
Avril,Demichelis,20521919,1998-12-03,666
Luciano Nicolas,Mariani,38955126,2003-07-31,8588
Valentina Aylen,Santos,39361713,1991-07-22,1481
Martina Belen,Basile,22766460,2003-06-06,4180
Tomás Alejandro,Flores,28609727,1997-03-04,1655
Martin Ezequiel,Carrizo,37394651,1994-04-30,4383
Luciano Agustin,Benítez,34896282,2001-01-06,1371
David,López,20125427,1990-03-23,2279
Mateo Agustin,Rotundo,38791623,1999-12-27,1343
Candela Belen,Flores,23347687,1980-10-27,7291
Franco Leonel,Rotundo,29904319,2001-02-08,3948
Kevin,García,27075782,1998-12-13,6264
Ludmila Ayelen,Leiva,32882411,1991-08-26,7092
Abril Valentina,Salamone,20742715,1986-12-17,6508
Felicitas,Marini,33033382,1997-10-29,2699
Camila Ayelen,Arellano,20305884,1995-08-06,5332
Marcos Gabriel,Sojero,24973889,1995-09-18,7178
Nahuel Agustin,Mariani,31243290,2001-12-29,2069
Julieta Valentina,Hernández,23391353,2001-04-16,7994
Candela Agustina,Marchi,32268601,2000-10-06,3473
Kevin Ezequiel,Arredondo,33691028,1983-11-25,1952
Luciano Ezequiel,Marino,23987003,1997-09-09,7065
Andres,Leal,33093848,1988-01-06,9841
Leonel Agustin,Varela,21915559,2004-03-24,8749
Ian,Pavón,37295141,2001-07-09,6688
Braian Ezequiel,Arredondo,23980067,1990-07-27,1934
Valentina Milagros,Basile,29286228,1994-11-08,4841
Rocio Milagros,Mariani,38379292,1990-10-14,4549
Axel Uriel,Casares,27760143,1995-02-09,4066
Milagros Ailén,Scioti,38208110,1991-05-18,6207
Fausto,Lorenzo,36448892,1990-03-11,9164
Tadeo,Salazar,22005047,1986-04-27,65
Daniel Alejandro,Castillo,32773253,2002-01-26,3110
Axel Nahuel,Mamani,36281338,1988-09-02,8656
Camila Agustina,Ibáñez,27492340,2003-11-09,7188
Luz Milagros,Rómulo,22215266,1999-05-06,9487
Luana,Marín,27247799,2000-03-02,344
Matias Leonel,Goicochea,30764744,1985-12-23,504
Ornella,Giordano,36842099,1990-07-12,9922
Enzo,Farina,22924393,1981-11-24,3968
Brian Ezequiel,Rotman,36476152,1981-10-23,4266
Ludmila Belen,Giordano,31312660,1985-03-26,3385
Belen,González,25950680,2001-11-24,2832
Gaspar,Maradona,28581236,1989-01-19,4665
Lionel,Pereira,38622465,2003-10-16,2431
Uma,Díaz,24158086,1998-06-24,8885
Nicolas Gabriel,Ramírez,26502455,1995-09-10,3284
Oriana,Goicochea,34720434,1988-11-10,4476
Ignacio Gabriel,Rivas,24349232,1980-03-23,5097
Justina,Díaz,36498501,1993-03-28,9596
Sofia Magali,Gómez,37936335,1997-05-26,4110
Lucas Martin,Leal,21617628,1986-08-26,7313
Alexander,Farías,27798923,1995-07-16,2752
Ignacio Joaquin,Totora,23155864,1983-08-16,8935
Leandro,Pineda,23446643,1988-04-23,5848
Sofia Micaela,Sánchez,34294966,2004-05-12,8041
Luz Maria,Salvador,31823917,1997-07-31,6880
Matias Benjamin,Casas,27329530,1993-03-02,1995
Rosario,Pérez,35421456,2003-08-30,3423
Axel Leonel,Rotman,28296696,1984-10-24,9347
Candela Abril,Rosso,24422149,1981-04-20,6279
Gonzalo Agustin,Hoffmann,32865606,1998-12-10,3355
Rodrigo Nicolás,Raimundo,32847838,1990-01-20,4653
Thomas,Silva,26572404,1988-06-29,1771
Ana Clara,Giordano,28905424,1982-10-27,395
Fabricio,Vargas,22310241,1985-06-14,1934
Brisa Abigail,Muñoz,28344006,1998-03-04,9327
Axel,De León,25147870,2002-12-05,216
Maria Del Pilar,Carranza,34070745,1985-07-26,8933
Gianluca,Sosa,24990280,1988-06-26,4856
Fermín,Castro,22472882,2004-08-12,2237
Iara,Álvarez,22825308,1983-07-21,1231
Tomas Gabriel,Demichelis,29859854,1991-10-13,8198
Julieta Belen,Zambrano,20955195,1989-12-28,6123
Lautaro David,Rivera,29786716,1989-03-02,9381
Axel Fernando,Surace,32093003,1991-09-07,5099
Sofia Victoria,Rivera,24827147,2000-11-14,7162
Ambar,Sosa,38672682,1989-07-07,8241
Pablo Ezequiel,Rotundo,22201966,2001-02-06,5846
Juan Andres,Fornerón,36900019,1982-04-03,8657
Ana Belen,Flores,34123792,1996-10-08,5303
Sofia Aylen,Fazzi,29309599,1987-02-08,13
Alan Gabriel,Soto,32345157,1988-12-01,2029
Lucas Leonel,Rosso,26965920,1996-11-16,7246
Maximiliano Ezequiel,Flores,31717901,1991-08-22,7365
Camila Abigail,Salazar,25904372,2002-08-18,5737
Candela Valentina,Vargas,22618056,1992-11-12,4993
Nahuel Alejandro,Huergo,26039161,1989-10-21,8835
Gabriel Agustín,Giordano,25589791,1993-10-12,6543
Benjamín Ezequiel,Benítez,32586832,1989-04-28,5560
Matias Daniel,Nessi,35124605,1984-01-11,9362
Lucas Ariel,Hernández,23338097,1981-11-13,8065
Tomas Ignacio,Morales,25817964,1992-12-02,1852
Alan Ezequiel,Leal,21798621,1999-09-07,6185
Sara,Huarte,38310119,2001-03-04,6265
Camilo,Nari,21318561,1995-06-23,3340
Agustina Micaela,Arredondo,33828640,1990-08-04,9124
Facundo Daniel,Ibáñez,27087039,1984-09-17,63
Lourdes Valentina,Giménez,30973683,1982-12-09,4548
Gaston,Galán,39918374,1990-06-19,9800
Francisco Javier,Pinedo,32773712,1981-08-16,8371
Candela Milagros,Nave,32661651,1996-04-23,3258
Sofia Milagros,Huergo,24820295,1988-05-16,7562
Maria Candela,Mora,23513012,1992-05-22,9844
Lucas Emanuel,Jiménez,39611957,1990-09-01,8469
Fernando Jose,Reyes,30316130,2003-03-15,6700
Daniel,Amenedo,21712243,1993-01-26,5002
Nazareno,Abadía,25926923,1990-08-04,2790
Florencia Belen,Sojero,26616064,1983-03-07,7362
Mateo Ezequiel,Quispe,36638864,1999-12-19,8699
Luciana Belen,De León,33570934,1992-05-07,3233
Benjamin Alejandro,Moreno,33197886,1996-07-19,5888
Matias Ariel,Giordano,21772884,1992-08-30,8621
Brisa Aylen,Salazar,27062961,2002-11-08,57
Santiago Alejandro,Agüero,32315536,1986-08-01,6376
Virginia,Villalba,24280905,1998-06-03,9492
Facundo Ariel,Huergo,34133058,1993-09-20,6977
Martina Abril,Godoy,21729847,1995-11-25,6639
Tobias Ezequiel,Borges,35749425,1992-08-13,5505
Macarena,Fava,25204234,1983-10-25,9575
Ariana,Casas,39671197,1992-04-24,1109
Thiago Gabriel,Vasile,32670835,1994-07-02,8072
Lautaro Alejandro,Silva,36680144,2003-08-27,4057
Lautaro Uriel,Godoy,37346084,1986-08-04,4765
Ines,Borges,28077808,1985-04-16,340
Ariel,Farina,28334722,1998-07-04,6668
Maria Josefina,Sosa,37516819,1982-03-16,2557
Patricio,Fava,23007450,1994-10-20,6509
Gonzalo Gabriel,López,30392629,2004-03-04,4427
Lucas Nicolas,Sojero,26803581,1982-04-08,2918
Maria Fernanda,Quispe,33224581,2003-12-31,1202
Rafael,Salazar,25497221,2001-07-07,9919
Rodrigo Nahuel,Sosa,27710391,1997-12-19,165
Luisana,Villalba,23469508,1983-12-03,5725
Leonel Alejandro,Espinoza,24468362,1999-11-17,4334
Rocio Abigail,Marini,30403577,1984-05-02,6736
Gino,Saldaña,35252374,1986-06-28,8916
Joaquina,Hoffmann,28210256,2002-06-23,4975
Marco,Mancuso,37226975,1999-02-14,2491
Lautaro Javier,Ibáñez,34655383,1982-12-28,7570
Celina,Soto,28861695,1986-01-16,4249
Ludmila Aylen,Leiva,36313836,2002-06-06,7938
Alexis Ezequiel,García,29204820,1983-04-04,2779
Thiago Joaquin,Leiva,35504138,2003-04-12,7653
Alexis Gabriel,Mancuso,36943519,1982-09-22,8361
Federico Agustin,Portillo,37104470,2000-01-07,743
Lara Valentina,Salamone,23733577,1999-05-10,4437
Florencia Agustina,Castro,20433082,1996-10-21,8360
Maria Pilar,Vera,26349038,1990-08-20,1615
Santiago Andres,García,27762273,1982-10-26,9676
Camila Milagros,Rodríguez,39187892,1988-10-02,6923
Franco Daniel,Santana,27306657,1991-09-21,1142
Marcos Agustin,Huarte,32410844,1991-03-03,5819
Ana Lucia,Scanone,27776917,1980-12-12,1097
Thiago Uriel,Fornerón,25917326,1984-06-17,7249
Santiago Javier,Sosa,30180536,2000-12-18,323
Marco Antonio,Marini,34336200,1983-06-27,2689
Ana Luz,Soto,39925071,1990-11-12,8309
Rodrigo Sebastian,Arredondo,25696244,1987-02-26,2648
Maria Paula,Gonzales,27815636,1984-12-12,1524
Rocio Micaela,Vasile,26168333,2002-03-08,6585
Camila Abril,Lorenzo,35594747,1990-07-30,4518
Milagros Guadalupe,Reyes,25736955,1987-09-15,9912
Valentina Magali,De León,32212061,1982-09-14,4987
Kevin Nahuel,Silva,33003808,1998-06-30,3422
Francisco Nicolas,Mejía,33738302,1994-08-07,8652
Micaela Ayelen,Leal,23742805,1986-04-30,3403
Maria Del Rosario,García,30686620,1988-08-23,3886
Martin Nicolas,Mancuso,22916382,1991-11-12,5471
Federica,Farina,21804112,1989-12-08,4408
Facundo Tomas,Carranza,22877047,1997-01-31,1123
Santiago Uriel,Rivera,33390562,1988-04-20,1226
Carlos Daniel,Salem,22305228,2001-01-30,8572
Lucas Sebastian,Rosso,35730370,1987-04-02,6032
Axel Ezequiel,Mejía,35993220,1985-11-22,7666
Mateo Joaquín,Raimundo,29271482,1989-12-31,8380
Leandro Ezequiel,Salvador,27276400,1983-05-21,9136
Ludmila Milagros,Contreras,26230635,1983-05-01,814
Lautaro Ariel,Salvador,34092533,1988-07-17,2761
Diego,Agüero,30599714,1988-08-23,4864
Julio Cesar,Sorbera,22596442,1983-06-10,9113
Vicente,Sánchez,24848907,1995-07-06,4419
Francisca,García,34438156,2001-07-08,5830
Mariana,Nave,23306274,1990-10-21,9988
Luis Alberto,Morales,25417883,2003-09-08,3802
Rocio Ayelen,Huergo,37423059,1983-02-02,6431
Fernando,Arredondo,37413363,2000-07-17,9192
Ema,Pineda,27813861,1994-07-05,6548
Alexis Nahuel,Rotman,34328548,1991-07-29,2823
Ignacio Ezequiel,Borges,31113139,1983-04-07,7923
Milagros Lujan,Díaz,23287868,1984-07-18,4252
Kevin Agustin,D'Elia,34181661,1987-07-23,5400
Facundo Leonel,Pineda,27507175,1988-03-30,3642
Abril Agostina,Ibáñez,27093483,1987-08-25,4239
Maite,Santana,35067181,1993-09-22,9993
Sebastian Alejandro,Totora,39591557,1999-06-18,4001
Dylan Ezequiel,Rivas,20022019,2000-07-19,500
Maria Constanza,Castro,31378534,1990-05-13,6596
Maximiliano Gabriel,Reyes,36261149,1985-07-12,5186
Daniela,Giménez,23892327,1986-04-09,7074
Lucas Benjamin,López,32446289,1993-06-02,4070
Lautaro Jesús,Vargas,25808441,1997-10-21,4408
Lucas Joaquin,Hidalgo,38801658,1990-08-30,3111
Thiago Leonel,Soto,35289529,1999-02-25,1188
Axel Daniel,Portillo,30216558,2001-08-13,2713
Azul,Fornerón,32034879,1981-12-03,9488
Sofia Abril,Moreno,23517807,1983-02-09,7267
Milagros Micaela,Basile,23811477,1990-08-27,9526
Milagros Magalí,Pereira,31058727,1996-06-30,2427
Maria Lucia,Fernández,33292113,2001-06-02,9932
Marcos Ezequiel,Amenedo,33745455,1991-08-22,4292
Lucas David,Godoy,29121741,2004-01-06,7526
Axel Agustín,Rotman,33278773,1999-02-06,8627
Gonzalo Nahuel,Mancuso,37229826,1985-02-10,2662
Thomas Agustin,Pérez,30739255,1985-02-03,2271
Franco Tomas,Rojas,33821704,1986-04-11,2262
Florencia Abigail,Villalba,38678450,2003-11-15,7220
Maximo Agustin,Rivera,33936087,1988-12-28,5916
Camila Soledad,Sala,29792621,1984-01-11,5075
Luciano Benjamin,Zambrano,26062232,1982-07-20,6565
Bautista Nicolas,Sojero,22385043,1998-01-03,3940
Fabrizio,Santos,25318799,1994-04-29,1897
Alfonsina,Agüero,23817901,1992-10-26,3378
Lautaro Exequiel,Lorca,35711015,2003-06-25,5005
Leonardo,Sberna,25048060,1989-01-01,1117
Mateo Valentin,Giménez,32212972,1991-01-20,1743
Juan Agustin,Arredondo,29073895,2001-12-09,3729
Brisa Ayelen,González,25258924,1996-10-11,6504
Laureano,Ibáñez,26064669,1999-07-20,5265
Lautaro Damian,Silva,27029048,1999-02-13,8066
Leandro Nicolas,Raimundo,31647477,1999-08-28,1637
Matias Sebastian,Mamani,36114152,1992-07-22,3059
Francisco Agustin,Muñoz,36134681,2003-10-14,736
Carola,Salem,23670498,2001-03-12,906
Elias,Mamani,22472005,1991-06-20,9789
Rocio Guadalupe,Rómulo,28761427,1996-10-30,381
Ignacio Benjamin,Huarte,25758700,2001-01-01,3548
Maria Laura,Saldaña,29937967,1990-02-27,568
Facundo Emanuel,Jiménez,26480284,1983-07-30,8101
Facundo Martin,Godoy,38861747,2002-06-24,8659
Pablo Agustín,Fornerón,39248154,1991-07-24,7246
Agustina Milagros,Fernández,21118108,1995-06-24,5610
Valentina Jazmin,Sotomayor,26636344,1990-12-27,4498
Sofia Ailen,Portillo,32894582,2002-05-29,1934
Florencia Magali,Goicochea,27624951,2003-05-10,2829
Valentina Guadalupe,Mamani,20413866,1985-10-19,1560
Kevin Nicolas,D'Elia,35767644,1989-06-09,3638
Ana Sofia,Casares,25913164,1987-12-08,6548
Aylen,Rebollo,30571476,1991-04-15,3821
Thiago Lionel,Marín,33081904,1984-01-23,8110
Franco Emanuel,Mejía,33841569,1996-09-28,7369
Eugenia,Lorenzo,32363080,2001-12-09,6191
Rocio Magali,Leal,35641864,1981-07-21,2762
Valentina Luján,Hidalgo,31794505,1985-02-28,3796
Federico Nicolas,Fazzi,31100823,2001-03-04,3862
Morena Abril,Scioti,29250240,1985-01-22,4647
Candela Magali,Sosa,28429701,2001-01-15,7578
Aldana,Pérez,23331377,1986-04-19,8962
Elias Ezequiel,Gómez,24071817,1990-09-05,9501
Tobias Benjamin,Rotman,32472897,1986-01-08,6383
Leandro Agustin,Vera,36037860,1998-10-02,3471
Tomas Nahuel,Huarte,36652770,1986-09-30,7400
Esteban,Salvador,35754887,1988-03-29,4225
Tobias Agustin,Casas,20192974,2004-08-02,5408
Matías Emanuel,Casas,35021951,1984-03-31,8131
Lucas Santiago,Rivera,37141654,1995-10-18,9725
Sofia Guadalupe,Hernández,25770865,1998-03-25,1817
Ernestina,Duarte,34433857,1998-03-18,3503
Iñaki,Castillo,35492276,1991-09-03,1291
Julieta Abril,Farías,39211785,2000-06-25,757
Valentina Ayelen,Hidalgo,33731428,1981-04-10,252
Santino Nicolás,Gómez,24850684,1987-04-27,85
Cristian Gabriel,Quispe,31035531,2002-03-05,7870
Tatiana Abigail,Marini,29091966,1986-12-01,5235
Giuliano,Sberna,34504836,1996-09-17,6277
Jose Manuel,Vasile,32779428,1991-06-04,9506
Santiago Ivan,Sberna,30809346,1992-07-02,4705
Rodrigo Agustín,Rosso,30532850,1986-04-29,3209
Milagros Agostina,Mamani,24545099,2004-07-03,6552
Ezequiel Alejandro,Santana,24862942,1983-03-16,2622
Jeremias Ezequiel,Benítez,38410837,2003-12-08,2494
Maria Agostina,Sosa,20928619,2000-05-20,499
Nahiara,Fornerón,25717152,1980-08-16,248
Valentina Soledad,De Luca,27573294,1982-06-09,6345
Alan,Amenedo,22821043,2002-09-26,2378
Candela Agostina,Álvarez,30756126,1983-07-22,8889
Abril Milagros,Delgado,37549972,1985-04-05,935
Mercedes,Jiménez,36526285,1981-11-25,9252
Axel Nicolás,Casares,29277950,1992-01-15,6217
Santiago Jose,Ramírez,20294268,1986-03-20,4164
Juan Pedro,Maradona,31197266,1982-09-20,2129
Agustin Gabriel,Pérez,31627150,2002-02-04,1302
Rocio Aylen,Castillo,37498448,1998-09-22,7583
Carmela,Amenedo,37611625,1990-04-16,4970
Joaquin Andres,Totora,34603107,1991-01-12,236
David Ezequiel,D'Elia,29832761,1987-03-14,581
Sofia Abigail,Mejía,34489139,1984-01-02,8797
Joaquin Gabriel,Borges,34057991,1999-08-13,996
Ludmila Magali,Fazzi,39819370,1991-08-11,8600
Francisco Jose,Giordano,38746335,1985-04-15,2112
Nazarena,Salem,33809631,1998-03-06,701
José Antonio,Godoy,30403289,1999-11-22,4482
Luis Miguel,Mejía,36651359,1990-05-19,1924
Ivan Ezequiel,Villalba,25835660,1983-06-11,7086
Agustina Soledad,Vera,22101273,1992-04-27,1491
Baltazar,Espinoza,29126188,1984-07-11,3114
Jonathan Ezequiel,Rivera,34696207,1987-10-05,452
Teo,Rotman,37482867,2002-11-27,8186
Sebastian Ezequiel,Moreno,35131441,1983-09-01,2135
Tatiana Belen,Mancuso,27599876,1987-09-10,4575
Lautaro Lionel,Quispe,33288251,2001-05-25,3144
Angel David,Scioti,35212906,1988-09-04,7332
Ignacio Martin,Ramírez,34027282,1999-05-03,6384
Luis Alejandro,Amenedo,29686349,1992-02-21,5403
Priscila Ayelen,Rivera,23989888,1987-06-23,4390
Maria Candelaria,Hidalgo,38900756,1997-04-28,4257
Rocio Valentina,Maradona,35383539,1984-11-15,3982
Ramiro Agustin,Loreto,33635738,1998-07-13,4021
Alexis,Carranza,30050042,1990-03-15,986
Jose Maria,Casas,39847970,1994-07-12,9632
Carlos Gabriel,Agüero,32123403,1989-11-20,9674
Thiago Martin,Demichelis,25715619,1984-06-21,2871
Bruno Nicolas,Demichelis,27348223,1997-01-02,5728
Luciana Valentina,Sotomayor,35433774,2004-06-05,7020
Sofia Antonella,Vera,30591279,1984-07-12,9918
Priscila Belen,Sorbera,35924723,1991-01-28,9179
Uriel Alejandro,García,34601039,1989-02-14,8555
David Alejandro,Delgado,24939583,2000-09-01,996
Iara Valentina,Basile,34235286,1989-05-26,5787
Priscila Aylen,Agüero,20184823,1985-09-02,8960
Franco Sebastian,Castillo,32667938,1987-08-13,6760
Agustina Aylen,Pinedo,26730867,2001-02-04,8816
Camila Ailen,Benítez,38733493,2000-09-14,3266
Agustina Abigail,Scioti,28567463,1982-11-08,8788
Dylan Gabriel,López,28687437,2001-12-08,6948
Alejo Nicolas,De Luca,39705773,1993-03-26,1148
Micaela Agustina,Fazzi,34202418,1981-01-13,4376
Leandro Gabriel,Sosa,26526898,1990-09-27,1184
Dolores,Rodríguez,39717911,1992-06-13,4121
Kevin Daniel,Castro,23826070,2001-05-21,2909
Maria Lourdes,Sosa,37828080,2000-05-15,1582
Elias Gabriel,Abadía,20377169,1993-09-23,2474
Francesco,Zambrano,29360458,1985-03-09,961
Rocco,Arredondo,21997974,2003-06-06,3331
Dylan Uriel,Borges,21807546,1997-01-20,7014
Brisa Milagros,Casas,36856133,1987-06-20,735
Bianca Valentina,Nessi,37130419,1990-10-11,865
Marcos Antonio,López,31182401,2001-02-22,1494
Tomas Joaquin,Soto,21578822,1988-07-20,8402
Gonzalo Sebastian,Mancuso,38266818,1985-11-14,7686
Tomàs Ariel,Lorca,30198778,1998-12-16,8210
Axel David,Maradona,28004760,1989-12-09,6066
Agostina Belén,Mamani,26975532,2001-07-11,1626
María Magdalena,Rotman,38651897,2003-11-03,5123
Lourdes Abril,Morales,36139867,1994-03-24,657
Juanita,D'Elia,23807418,1985-02-18,2074
Agustina Ayelen,Totora,36270840,1985-09-20,8707
Geraldine,Mejía,29305748,1980-02-24,543
Irina,Maradona,34724666,1997-04-25,7263
Ramiro Nicolas,Rojas,22080527,1983-08-04,2100
Mateo Gabriel,Surace,27763570,1987-12-10,6474
Milagros Anahi,Rodríguez,24603574,1990-12-29,7308
Iara Abigail,Salamone,29017504,1995-02-26,403
Candela Jazmin,Sorbera,20899976,1996-11-15,8593
Bruno Ezequiel,Salamone,23886867,1999-01-08,4423
Brisa Magalí,Gutiérrez,24702246,2002-04-03,1480
Francisco Tomas,Contreras,20283945,1989-07-25,4096
Tomas Emanuel,Castillo,28970723,1989-10-26,5331
Joaquin Uriel,Quispe,24787033,1989-03-01,1405
Maria Delfina,Carrizo,30080187,1986-02-16,4945
Barbara,De León,34495493,1991-05-04,560
Santiago Ismael,García,27139448,1987-08-20,6295
Tobias Uriel,Raimundo,21693191,1982-02-10,952
Ludmila Abril,Abadía,26480838,1985-11-24,4276
Leandro Nahuel,Loreto,30939243,1994-03-16,5131
Cristian,Loreto,22067215,1995-11-27,2130
Julieta Magali,Pedone,26991310,2004-06-13,4264
Fátima,Rebollo,33925096,1997-07-04,6228
Facundo Sebastian,Nari,28480596,1995-10-30,1919
Gianfranco,Salazar,35847875,1981-06-12,4976
Fernando Gabriel,Lorenzo,22964298,1980-11-07,1541
Thiago Tomas,Mariani,25542104,1997-12-29,6960
Alejandro Gabriel,Goicochea,35158810,1992-02-07,4020
Sofia Agustina,Salazar,36109649,1997-10-15,8236
Agustina Abril,León,33003898,1983-08-05,9128
Lucia Milagros,Pereyra,30510465,1999-04-25,3365
Maia Valentina,Martínez,28934289,2001-05-13,5408
Araceli,Salamone,31389063,1984-02-07,5548
Agustina Magali,Pedone,34834030,1980-03-07,8344
Morena Abigail,Contreras,24942805,1982-04-03,6407
Gonzalo Daniel,Silva,31038609,1990-02-11,9570
Faustino,Arellano,30457812,1992-09-27,7883
Valentina Micaela,Scioti,31380112,2000-02-08,1715
Ignacio Valentin,Mariani,32499910,1992-02-05,2125
Maria De Los Milagros,Borges,25286904,1988-11-26,7350
Brian Nahuel,De León,21359415,1988-08-08,8581
Lautaro Andrés,Scanone,35279513,1996-12-06,9152
Dylan Agustin,Loreto,33868234,1984-01-16,9525
Fernando Ezequiel,Saldaña,38731893,1995-01-11,8520
Lucas Alejandro,Rotman,21216618,1998-03-24,8775
Milagros Antonella,D'Elia,27832014,1990-03-27,495
Alan Nahuel,López,34002830,1990-05-27,4773
Tobias Nahuel,Ramírez,28795695,1993-06-28,2572
Joel,Díaz,38917356,1997-08-21,3276
Lucca,Amenedo,28371270,1980-08-30,6067
Martin Ignacio,Rodríguez,23832878,1994-04-27,6377
Matias Joaquin,Farina,31888694,1994-10-24,8537
Nahuel Ezequiel,Sotomayor,37539069,1993-11-25,5312
Milagros Rocío,Reyes,23196518,1996-10-09,1595
Alejandro Ezequiel,Pavón,25452111,1995-09-27,6709
Valentina Ailén,Mamani,27057213,1993-12-13,5658
Alejandro Daniel,León,35314641,1994-07-28,2070
Zoe Valentina,D'Elia,36279062,1993-08-28,9419
Maximo Alejandro,Rotundo,37294218,1994-01-02,1062
Pablo,Santos,20931680,1986-10-13,713
Luciano Joaquin,Moreno,24885799,1980-06-27,4923
Ludmila Ailen,Marino,24518888,1988-12-21,8743
Brisa Valentina,Gutiérrez,34754085,2003-11-11,5138
Enzo Gabriel,Sánchez,22037013,2001-11-27,6841
Estefania,Marini,29489921,1991-05-20,4887
Maria Sofia,Rojas,25466877,1989-02-22,5223
Kiara Abigail,Hoffmann,33966409,1980-03-14,5777
Thiago Sebastian,Surace,33604873,1990-09-08,4467
Ivo,Sorbera,24119100,2000-11-14,5329
Brenda,Rivera,36720034,1997-06-23,8521
Florencia Valentina,Espinoza,30565173,2000-01-14,8209
Pablo Nicolas,Quispe,26648455,2000-12-30,141
Juan Antonio,Rodríguez,38309473,1999-06-06,8620
Brian Nicolas,Rotman,39925115,1984-02-05,1996
Leon,Vasile,27134997,1996-01-18,2437
Gonzalo Martín,Jiménez,36269964,2000-11-07,5195
Alejo Benjamin,Sala,37451401,1997-05-30,5334
Javier Alejandro,Lorenzo,23911885,1992-10-14,5366
Alexis Nicolas,Vasile,21945473,1982-08-25,9389
Ana Victoria,Vargas,25359661,2002-04-16,1127
Maria Clara,Santana,36775674,1983-01-17,7402
Jorge Luis,Ibáñez,24697778,1988-12-24,4581
Maximiliano Agustin,Giordano,24933903,2000-11-01,7859
Ignacio Tomas,Benítez,34127224,1983-01-05,7440
Ramiro Ezequiel,Gonzales,38594096,1997-07-16,5966
Santiago Manuel,Benítez,32911049,2001-03-06,6234
Candela Aylen,Sosa,28219790,1996-03-27,1280
Serena,Surace,34809670,1999-04-28,9485
Selene,Leal,23741602,1992-08-12,919
Stefano,Mamani,32996248,1988-06-29,2204
Ismael,Agüero,38725451,1990-07-11,798
Priscila Magali,Quispe,21294541,2002-03-06,8580
Helena,Giordano,38226271,1991-06-30,8063
Ana Maria,Rojas,24916973,1993-07-14,9430
Miranda,Castillo,36838405,1993-11-19,4127
Tobias Nicolas,De León,39551644,1995-05-27,4020
Jorge Daniel,Espinoza,35319954,2001-08-31,9400
Benjamin Nicolas,Pérez,36767759,2001-03-15,5548
Bautista Benjamin,Casares,26701285,2002-06-19,5924
Santiago Sebastian,Godoy,35978001,1986-06-29,6064
Valentina Nicole,Rosso,20309996,1980-08-01,6595
Ana Valentina,Pavón,33565255,1988-04-30,5036
Martin Gabriel,Morales,23367108,1984-05-21,7611
Morena Valentina,Rebollo,38402637,2002-10-14,9801
Joaquin Leonel,Santana,35985699,1997-12-25,5577
Lucía Magalí,Rivera,39973512,1989-11-05,8718
Matias Ignacio,Quispe,30783896,1992-02-19,8315
Ignacio Sebastian,Mancuso,35961486,1994-12-03,2749
Santiago Jesus,Salvador,26291763,1991-05-21,476
Federico Ezequiel,Muñoz,36092858,1985-04-29,2430
Marcos Daniel,Maradona,27331925,2003-09-05,4098
Mauricio,Muñoz,38969213,2002-03-31,3623
Gabriel Nicolas,Morales,25363301,1985-07-07,9220
Nicolas Martin,D'Elia,26499629,2002-01-29,2185
Samuel,Nari,27164053,1989-12-16,1847
Santiago Lionel,Varela,35587526,1990-01-29,3024
Agustin Emanuel,Totora,30828696,1986-02-25,6735
Tiago Nicolás,Díaz,20092101,1997-07-23,820
Camila Rocio,González,28786781,1997-11-19,1625
Diego Agustin,Rivera,35163272,1980-06-20,8940
Marcos Nahuel,Amenedo,25404469,2004-02-24,4353
Kiara Valentina,Benítez,30985763,1996-02-03,1752
Joaquin Sebastian,Hoffmann,25245048,1987-01-13,3347
Milagros Jazmin,D'Elia,33408452,2000-07-06,4287
Diego Alejandro,Totora,37555407,1995-01-25,1094
Rodrigo Gabriel,Rosso,34199984,1994-02-05,9358
Gonzalo Joaquin,Amenedo,39902613,1981-11-03,8624
Tiago Benjamin,Ramírez,24809894,2002-08-20,1286
Facundo Benjamin,Pineda,37693698,1986-03-05,1192
Antonella Belén,Gómez,37060764,1988-07-26,3561
Emilio,Varela,27306758,1992-01-16,2840
Ignacio Nahuel,Santana,32096988,2003-11-01,8380
Alan Leonel,Rebollo,38446769,1995-12-09,7079
Julieta Abigail,Sala,31404268,1993-10-19,357
Maria Isabel,Salem,39756713,1992-01-15,9672
Ana Gabriela,Rebollo,23099755,1992-07-14,6031
Sofia Ayelen,Carrizo,38453852,2004-04-30,7973
Gianella,González,30865844,2000-09-24,4648
Juan Segundo,Gutiérrez,35074081,1998-07-25,3603
Ailen,Sánchez,21170110,1991-09-22,3283
Jonathan,Salem,39525434,1982-05-26,9798
Alex,Farías,20483912,1987-08-26,8087
Sol Agustina,De Luca,31008718,2000-07-01,3853
Tiago Agustin,Abadía,37460405,2002-10-01,6970
Ariadna,Rivas,32929660,1983-12-17,7408
Kiara Aylen,Saldaña,35907514,1996-01-04,6015
Javier,Andrade,31336964,1981-08-02,8920
Cristian Ezequiel,Santos,22595706,1991-04-20,3093
Daniel Agustin,Vargas,31477904,2002-10-24,7899
Juan Roman,Gómez,20612934,1998-03-03,1191
Leonardo Gabriel,Moreno,31618661,1980-01-28,4203
Gonzalo Emanuel,García,24284236,1986-06-23,6673
Maximo Gabriel,Vera,32355454,1982-10-26,3299
Miguel Alejandro,Moreno,33651524,1984-11-01,135
Gastón Ezequiel,Rotman,32402242,1997-02-17,8716
Rodrigo Emanuel,Hoffmann,32357234,1991-07-07,6237
Lucas Valentin,Arredondo,30169996,1996-11-13,8426
Brenda Magali,Pérez,32432494,1991-01-12,7980
Lucas Matias,Giordano,26460422,1984-10-17,1251
Fernando Agustin,Santana,28369232,1981-05-03,6614
Gonzalo David,Sorbera,24692149,1992-08-30,8356
Lucas Ivan,Casas,37939806,1985-09-03,9474
Joaquín Emanuel,Gonzales,20370595,1994-04-08,9578
Francisco Gabriel,Delgado,33067956,2001-10-30,6972
Tiago Nahuel,Flores,37371908,1982-08-23,657
Ezequiel Agustin,Vasile,36103597,2000-09-23,5764
Cristian Daniel,Scanone,30328241,1982-02-08,7511
Valentina Nahir,Marini,21005990,1983-05-09,104
Rocio Ailen,Lorca,24045030,1990-04-18,3109
Valentina Sofia,Pinedo,36610634,1984-07-09,4904
Tomas Leonel,Nave,34549631,2003-02-25,90
Agustina Ailen,Mancuso,31850067,1992-01-15,8860
Lucia Valentina,Carrizo,20483934,1986-04-05,1966
Victoria Belen,Espinoza,27243487,1997-07-23,4958
Iara Belen,Reyes,21998208,1988-10-16,8396
Kiara Belen,Galán,35442866,1998-09-09,5170
Antonio,Fernández,27466481,1992-10-06,8896
Lautaro Joel,Rosso,39766919,2002-07-13,9371
Jonathan David,Sojero,37625486,1989-03-03,9033
Luciano Nahuel,Abadía,30495041,1998-09-16,4628
Renzo,Salazar,28371287,1990-08-19,8611
Camila Antonella,López,22943979,2000-08-30,6740
Leonardo Ezequiel,Sánchez,36849885,1991-02-13,8880
Cristian Ariel,Maradona,35323096,1981-01-19,8484
Brisa Abril,Fava,25106706,1999-03-31,6689
Lourdes Milagros,Salazar,34406825,2002-02-13,9875
Jimena,Fazzi,24039710,1992-04-13,9520
Lautaro Ismael,Goicochea,33258730,1995-10-10,5042
Micaela Abigail,Contreras,23133753,1986-09-15,7414
Alexis Daniel,Rosso,25251428,1980-05-29,4946
Luna Morena,Marini,23738323,1988-05-03,2145
Mauro Ezequiel,Pineda,20968583,1995-11-21,8295
Lourdes Abigail,Fornerón,31993635,1991-11-21,7277
Agustin Ariel,Arellano,34827581,2003-11-12,9605
Joaquin Tomas,Abadía,29073597,2003-10-02,2299
Franco Ariel,Díaz,39903345,1993-01-19,9011
Ariana Abigail,Surace,20305821,1986-09-06,2670
Pablo Gabriel,Nessi,22876602,1981-01-14,4140
Lautaro Ivan,Vasile,32884800,1986-07-30,157
Thiago Alejandro,Nessi,37625399,1987-11-05,6949
Facundo Javier,Sosa,29398164,1990-03-22,9271
Santiago Matias,Gonzales,37423868,1993-03-18,593
Axel Joel,Scanone,34146359,1996-12-06,6035
Franco Valentin,Gonzales,25106959,1982-07-07,6895
Jose Gabriel,Rotman,20290871,2001-12-23,6588
Valentin Ezequiel,Maradona,22611397,1988-03-31,4612
Facundo Alejandro,Mamani,33479306,1992-10-20,300
Luciana Abigail,Basile,38033475,1988-06-07,1482
Mariano Agustin,Espinoza,28351191,1988-09-20,1475
Brisa Ailen,Mamani,22457816,2002-08-07,78
Milagros Lucia,Mamani,23118765,1998-09-24,6281
Ivan Alejandro,Rotman,35204954,1982-05-12,4405
Nicolas Ariel,Díaz,27341691,1995-09-06,7608
Lucas Ignacio,Ramírez,33682029,1991-10-02,4455
Alejo Agustin,Abadía,35250451,1988-10-04,6105
Sol Valentina,Rotman,27690074,1983-11-15,7887
Priscila Abril,Godoy,39964336,1998-11-27,5513
Luka,Hernández,35961015,1986-10-17,6364
Mauro,Sánchez,27405207,1996-09-09,7473
Facundo David,Gutiérrez,36978361,2003-03-29,1908
Agustin Sebastian,Fava,27002659,2002-04-14,7925
Jonathan Gabriel,Castro,38243641,2001-08-28,5808
Kevin Leonel,Raimundo,33659342,1981-03-30,2370
Camila Valentina,Lorca,21115370,1997-07-28,6802
Agustin Nahuel,Moreno,39519602,1987-08-19,2429
Tobias Valentín,Espinoza,37422059,1985-03-05,297
Brisa Antonella,Ibáñez,34395391,1986-03-24,2819
Gregorio,Ibáñez,33976369,2002-02-24,4263
Donato,Martínez,31809944,1998-07-09,6025
Axel Ariel,Muñoz,37720086,1993-01-04,2082
Martina Guadalupe,Ramírez,21309022,1993-05-19,9659
Melany,Amenedo,26735370,1985-10-03,4704
Maria Alejandra,Scanone,22995171,1990-05-07,6765
Pablo Sebastián,Salazar,28136954,2003-03-14,4225
Gabriela,Mora,24910374,1980-01-22,8417
Agustin Tomas,Rómulo,26655646,1981-02-14,4706
Abril Micaela,Portillo,26407741,2002-03-09,6893
Valentin Nicolas,Mamani,36750426,1994-09-23,4483
Camila Victoria,Lorenzo,30846998,1990-06-02,7102
Diego Ezequiel,Fazzi,20534446,1990-11-22,5503
Enzo Nicolás,Fornerón,22695104,1994-05-03,7959
Elias Benjamin,Rotman,28784887,2004-01-04,3530
Maximo Nicolas,Duarte,37722056,2001-05-03,8050
Camila Guadalupe,Morales,37532005,1999-01-02,6584
Berenice,Rivas,25435778,2004-06-11,6965
Luciano Martin,Vera,22418898,2002-07-22,1497
Valentina Pilar,Mariani,38470504,2001-01-21,1055
Brisa Agustina,Pereyra,33000111,1996-07-22,2121
Franco Martin,Sojero,26747188,1990-07-13,3377
Kevin Uriel,Rosso,30213849,2004-01-30,2451
Lucas Tomás,Andrade,20125831,1997-05-30,3755
Dylan Nahuel,Totora,36902723,1981-07-03,428
Marcos David,Rojas,38929512,1993-12-29,1691
Brisa Belen,Scanone,28271185,1985-02-14,4148
Federico Gabriel,Surace,33019078,2001-01-24,2551
Mirko,Goicochea,33499260,2004-08-16,7860
Tiago Ezequiel,Portillo,34266877,1995-05-21,1621
Natalia,Rivera,28153958,2003-07-19,6539
Matías Javier,Nari,24590160,1989-01-08,3070
Ariel Alejandro,Rebollo,35583263,1988-08-15,49
Solana,Farina,25055519,1980-10-04,1460
Milagros Celeste,Pavón,31417513,2003-05-27,7007
Luz,León,39835037,1997-07-03,833
Mia Abril,Andrade,33243682,1989-10-10,9004
Facundo Manuel,Saldaña,30528582,1990-09-26,3576
Guido,Pereira,31234604,1989-12-10,8757
Adrian,Villalba,36687668,1994-02-14,6912
Luciano Andres,Scanone,20221652,1990-04-28,5680
Milagros De Los Angeles,Díaz,26380574,1994-11-04,770
Candela Lucia,Moreno,36623166,1990-05-05,1690
Nahuel Nicolas,Marchi,36250043,1993-12-10,9057
Kevin Gabriel,Pedone,38786008,1999-05-19,6875
Gonzalo Benjamín,Maradona,20858550,1988-10-17,1943
Cristian David,Nari,28710933,2002-09-01,4347
Agustin Ignacio,Salamone,29571100,1993-05-29,4567
Lucas Damian,Rotman,35948186,1991-07-26,2933
Carlos Alberto,Totora,28509850,2000-10-01,7859
Juan Daniel,Sosa,20263171,2000-04-10,781
Elena,Silva,37222056,1992-01-20,3509
Kiara Agustina,Pineda,26003949,2002-07-19,1428
Matilda,Rodríguez,25175593,1989-06-08,6385
Abril Antonella,Casas,31502502,2002-06-01,2028
Lionel Agustin,Maradona,29656534,1989-08-21,7328
Segundo,Mancuso,22778131,1992-11-15,4820
Angela,Agüero,20203115,1990-08-08,8320
Rocio Abril,Casares,31812116,2002-05-20,8158
Daiana,Surace,37058285,1980-08-28,6440
Axel Maximiliano,Marini,27128992,1988-11-09,1903
Alan David,Farías,20745819,1990-12-11,9930
Florencia Micaela,Martínez,21769868,1988-02-19,7851
Diego Nicolas,García,23582695,1997-05-02,1733
Mauricio Nicolas,Pedone,35709683,1980-08-23,2443
Priscila Milagros,Vargas,30130497,2002-09-03,6330
Maria Catalina,Lorca,31302133,1999-06-07,3296
Axel Javier,Abadía,34976082,1995-03-24,2738
Victoria Valentina,Hernández,35720132,1992-10-24,8531
Martiniano,Rosso,26501136,1996-11-26,4220
Juan Diego,Pavón,24776457,1988-08-04,6825
Diego Armando,Lorca,24212103,1994-06-16,8793
Agustin Maximiliano,García,27375833,2002-07-01,4728
Maria Trinidad,Fornerón,20617941,1981-12-23,8068
Margarita,Duarte,28860763,1991-08-26,8925
Evelyn,Rebollo,20741927,1994-09-27,3516
Diego Martin,Varela,30779604,1990-12-31,5522
Alexis Sebastian,Pedone,33151855,1990-06-06,7962
Priscila Jazmin,Santana,21279549,1983-12-10,1685
Julieta Agustina,Loreto,28932059,1992-09-11,140
Brenda Abigail,Flores,34475554,2001-10-02,5683
German,Lorenzo,35816430,2004-07-19,4383
Axel Rodrigo,Basile,23373777,2000-03-29,924
Kevin Joel,Pereyra,39415851,1986-09-27,8856
Micaela Soledad,Hidalgo,29868313,1994-04-10,7213
Jose Fernando,Mejía,36013976,1984-07-20,4912
Francisco Ezequiel,González,32562496,1999-08-27,1650
Franco Javier,León,30174050,1999-07-30,3744
Federico Nahuel,Nave,39004528,1999-02-01,8323
Kevin Alejandro,Santana,27452410,1992-08-06,4498
Nicolas Daniel,Marini,36191602,1984-04-20,4429
Priscila Ailen,Giménez,25092198,1997-12-22,4036
Maria Elena,Rodríguez,32268848,1990-07-23,6744
Cristian Alejandro,Leiva,35765307,1980-12-31,2430
Celeste Milagros,Sorbera,25035317,1998-06-24,2133
Priscila Nicole,Sala,21191021,2002-05-07,4199
Maximo Joaquin,Rojas,26172836,1984-04-05,3199
Micaela Aylen,Silva,23172092,1985-02-03,6680
Ezequiel Nicolas,Castillo,36108865,1998-06-17,9188
Rocio Jazmin,Giordano,38504059,1984-11-15,9805
Candela Guadalupe,Godoy,34699384,2000-11-11,957
Franco Lautaro,Nave,37637253,1985-02-25,8729
Maria Mercedes,Giordano,32706870,1988-07-19,9977
Axel Sebastian,Santos,22092877,1987-01-04,8345
Kevin Ariel,Quispe,36204570,1995-01-22,2438
Candela Ailen,Martínez,24265477,1982-12-15,6779
Brandon Ezequiel,Saldaña,36819390,2004-05-27,4426
Juan Ramon,Castro,22997114,1981-12-30,4584
Angeles,Santana,28667409,1987-06-15,7866
Axel Benjamin,Morales,35439943,1992-03-14,5010
Faustina,Schapira,22794474,1991-05-05,4375
Axel Emanuel,Galán,24416520,1996-07-09,8049
Alina,Salem,22475363,1993-01-30,3512
Paula Valentina,Fornerón,20830497,1982-01-14,8171
Thiago Daniel,Marchi,20315029,1988-06-29,6024
Sabrina,Loreto,28445815,2003-08-10,9814
Nicolas Nahuel,Vargas,37310425,1995-04-14,7709
Pablo Daniel,Salazar,36157111,1995-12-31,3959
Nicolas Andres,Giménez,34152800,1990-05-30,5544
Maria Antonella,Santos,30216382,2001-03-21,2886
Martina Pilar,Hidalgo,35990560,1980-06-01,9924
Bautista Ezequiel,Schapira,25810756,1995-01-02,2968
Lara Agustina,Benítez,38686312,1987-06-23,9511
Joaquin Ariel,Mamani,24951808,1990-03-30,7391
Tomas Uriel,Godoy,27086161,2002-07-07,8761
Lautaro Maximiliano,Ramírez,26897790,1989-07-24,2448
Santiago Román,Godoy,38467733,1985-08-30,952
Valentina,Pérez,25821875,1985-02-25,8256
Santiago,Silva,22827665,1983-11-08,5341
Martina,Pérez,26058380,1998-05-15,8658
Joaquin,Muñoz,38391408,1986-12-09,2212
Juan Ignacio,Díaz,34375613,1982-05-27,3492
Sofia,Carrizo,30049476,1988-03-08,5166
Tomas,Rivas,33068210,1987-08-23,8089
Bautista,Loreto,25482762,1993-02-22,7870
Mateo,Pinedo,35628826,2001-05-08,5407
Catalina,Giménez,24106877,1983-05-29,1939
Benjamin,Moreno,30060844,1982-09-15,2095
Agustin,Raimundo,39233800,1983-07-11,2295
Santino,Castro,22232884,1987-08-19,4201
Juan Cruz,Borges,35547840,1981-01-24,3686
Camila,Rotman,30795301,1982-08-19,1442
Francisco,Farina,26440069,1996-11-01,8828
Ignacio,Lorca,30128208,1988-09-22,819
Lautaro,Marini,29223434,1986-07-16,9225
Juan Pablo,Salamone,25294067,1983-03-28,2819
Valentino,Fazzi,29848876,1989-10-26,1902
Lucia,Castro,26113720,1997-06-30,3706
Delfina,Rotman,38627146,2001-10-24,9228
Agustina,Schapira,31257726,1994-12-05,3267
Abril,Portillo,35411267,1984-03-23,8241
Victoria,Rivas,36969219,1993-11-14,9299
Guadalupe,Benítez,32160336,1999-05-22,5044
Nicolas,Leal,35159905,1987-08-02,6918
Valentín,Vasile,30670108,2002-05-22,5368
Julieta,Borges,24689353,2000-04-01,69
Morena,Vasile,31567958,1985-04-23,328
Candela,Rotman,25505942,1988-02-03,5002
Milagros,Lorca,22308620,1990-11-25,3608
Facundo,Nari,31513262,1984-12-08,1385
Matias,Espinoza,34037685,1989-05-14,3678
Maria Victoria,Marín,28553500,1991-08-30,4590
Josefina,Ibáñez,30862048,1984-07-07,5588
Franco,Nari,29483161,1990-08-28,4408
Juan Manuel,Contreras,29874500,1983-01-30,9849
Felipe,Sánchez,34545629,1995-01-30,8493
Juana,Sotomayor,27577302,2003-05-21,6214
Lucas,Valenzuela,36978267,1993-10-26,378
Maximo,Castillo,26037712,1990-10-04,1993
Pilar,Pérez,20923309,1998-01-20,5404
Juan Bautista,Sorbera,38856374,1981-10-11,5685
Lautaro Ezequiel,Salazar,26613589,2000-02-01,2284
Thiago,Hernández,38827881,1983-01-31,1857
Malena,Quispe,21153427,1992-06-16,4109
Lola,Fernández,38866964,1986-04-19,2347
Mia,Santana,38383538,2003-12-17,9404
Santiago Nicolas,Espinoza,30605430,1995-05-10,672
Matias Ezequiel,Moreno,25626248,1997-06-19,5685
Martin,Sorbera,21351300,1991-07-11,1267
Ana Paula,Andrade,39626178,1982-02-17,1504
Tomas Agustin,Amenedo,38796761,2004-07-07,1690
Manuel,González,25447932,2002-05-18,4914
Agostina,Moreno,36988695,1994-12-06,5194
Ramiro,Silva,32316172,2000-10-08,4078
Constanza,Rosso,33718498,1989-11-28,4412
Maria Belen,Sberna,38853412,1993-01-10,8677
Luca,Amenedo,24326867,1983-01-15,815
Bruno,Muñoz,23537503,2000-02-16,5927
Micaela,Jiménez,30871336,1992-05-30,510
Lara,Mamani,36830146,1997-11-02,1283
Federico,Lorenzo,21991588,2000-05-16,2277
Lautaro Agustin,Valenzuela,33178073,1999-03-15,6542
Julian,Soto,21771622,1997-03-21,6095
Lautaro Nicolas,Marini,25993309,2000-10-12,3965
Bianca,Pedone,34564400,1981-02-28,1537
Tobías,Goicochea,24608496,1984-02-07,5387
Renata,Pedone,20027123,1984-01-09,4483
Pedro,Leiva,27967097,1991-12-02,130
Gonzalo,Huarte,28507688,2002-07-20,8441
Sofía Belén,Morales,29141685,1993-08-27,5272
Lautaro Benjamin,Villalba,32050920,2003-11-19,1838
Florencia,Sorbera,22196410,1990-10-20,5773
Juan Gabriel,Nari,21346998,1980-06-01,2062
Rocio Belen,Sojero,39286006,1999-02-14,9931
Lautaro Nahuel,Marini,24301996,1999-05-14,4441
Miguel Angel,Scioti,27653498,1992-08-06,6638
Santiago Agustin,Valenzuela,27307133,1987-07-18,1492
Sebastian,Marchi,34634544,1988-01-22,9447
Emilia,Salazar,22984928,2001-04-15,8646
Jazmin,Rosso,39298497,1982-10-09,7791
Clara,Castro,36587502,2000-12-05,9247
Camila Belen,Rosso,33276993,1988-02-04,6860
Jeremias,Casares,36093189,1986-05-20,8777
Mora,Salem,31233216,1997-06-04,6451
Luciano,Mancuso,30814679,2000-11-21,4933
Alejo,Fazzi,31729655,1991-08-17,3594
Julia,Gómez,38779657,1999-03-23,4958
Maria Valentina,Vera,31619432,1987-04-30,8996
Rocio,Fava,39077596,1982-09-28,2181
Antonella,Saldaña,33536267,1997-07-31,883
Simon,Leal,23506048,1999-08-16,9831
Maria Sol,Demichelis,21911971,1991-09-15,8331
Lucas Ezequiel,Rosso,36590046,1983-08-04,1800
Maria De Los Angeles,Rebollo,28030745,1996-07-06,2869
Guillermina,Nave,39264520,1981-12-26,3941
Valentina Abril,Santana,23207730,1985-05-23,3522
Matias Nicolas,Valenzuela,36762273,1981-07-15,7120
Paloma,Silva,21654677,1995-09-23,4497
Maria Emilia,Sorbera,33082626,1996-12-24,8944
Juan Martin,Loreto,24968297,1994-02-23,327
Ezequiel,Rojas,34932801,1988-07-26,4102
Facundo Nicolas,Farina,23191741,1997-11-02,8828
Paulina,Ibáñez,29629749,1988-06-11,4438
Maria Jose,Nave,20221779,2003-03-05,8685
Juan David,Vasile,32267300,1982-02-19,4288
Lautaro Gabriel,Díaz,37252725,1984-01-04,7753
Juan Jose,Mancuso,22664631,2000-05-15,2065
Tiziano,Saldaña,39659114,1982-03-06,6607
Lorenzo,Marín,25825976,2002-05-21,1699
Santiago Ezequiel,Pavón,23133453,1991-10-20,6119
Maria Luz,Muñoz,27236677,1989-04-18,1131
Lourdes,Scioti,34260309,2001-08-24,8916
Agustin Ezequiel,Abadía,32688353,2003-06-20,5949
Angelina,Schapira,34251348,1982-04-21,8925
Ludmila,Casares,20434288,1993-10-01,9101
Maria Paz,Varela,22445797,1980-01-08,8312
Priscila,Reyes,24412733,1992-04-25,9516
Milagros Belén,Mancuso,24999023,2003-04-24,498
Marcos,Nari,28729856,1992-09-12,5048
Nahuel,Santana,26184314,1996-04-11,7298
Milena,Pereira,30592730,1991-08-15,2166
Luciana,Fazzi,25401069,2003-11-05,2552
Agustina Belen,Loreto,30282720,1996-10-02,1218
Tomas Ezequiel,Varela,26352765,1989-06-16,9490
Nicolas Agustin,Sotomayor,33328527,1989-11-15,2325
Giuliana,Fazzi,33505079,1980-11-07,3543
Santiago Gabriel,Martínez,26737477,1996-09-26,7931
Juliana,Zurich,32239447,1993-11-05,5496
Ivan,Rotundo,32841079,1991-08-10,5981
Maximiliano,Borges,29050034,1982-03-18,4789
Maria Guadalupe,Portillo,38936932,2004-06-26,2617
Isabella,Rotman,21927141,2000-12-08,2549
Santiago Tomas,Marín,38814116,1980-08-14,6254
Angel Gabriel,Ramírez,28377447,1982-11-19,7204
Jose Luis,Muñoz,35414668,1995-10-16,6646
Santiago Nahuel,Varela,35755111,2001-12-02,1931
Gabriel Alejandro,Marín,27011859,1995-07-31,9846
Tiago,Jiménez,25754343,1991-12-19,2378
Joaquín Ignacio,Ibáñez,20003928,1998-09-03,4419
Carolina,Scioti,30305333,2000-06-25,4838
Candelaria,Marchi,34685297,2000-02-23,9890
Octavio,Sánchez,21338264,2002-06-19,134
Jose Ignacio,De Luca,27680535,1990-06-28,8802
Sol,De Luca,31376673,1990-10-15,158
Juan,Castro,39518427,2004-04-23,2172
Lucia Belen,Castillo,22255724,1994-01-24,6217
Dante,Rodríguez,22533776,1981-08-18,9206
Franco Ezequiel,Delgado,26535113,2004-02-04,1657
Lucas Gabriel,Casas,32742957,1987-03-26,7528
Lautaro Joaquin,Gómez,37055976,1994-07-18,497
Juan Francisco,Benítez,23893652,1989-11-18,7077
Geronimo,Sorbera,23330302,1992-09-24,9806
Emiliano,Demichelis,22300895,2002-11-03,6918
Emma,Nari,36483322,1990-12-07,4523
Gabriel,Abadía,33365202,1985-10-21,6064
Maria Agustina,Marchi,32726555,1997-05-02,6691
Agustin Nicolas,Pedone,38106901,1986-01-13,6654
Olivia,Nave,23350236,1984-09-27,9925
Rodrigo Alejandro,Casares,25350589,1991-11-30,7569
Nicolas Ezequiel,Ibáñez,25127075,1984-09-08,872
Maria Eugenia,Fornerón,26827144,1983-08-13,1625
Joaquin Ezequiel,Hoffmann,21357616,2003-07-08,7712
Lautaro Daniel,Goicochea,38495587,1985-09-10,612
Juan Carlos,Rosso,32045050,1983-03-15,9
Maia,Benítez,21474643,1984-07-02,689
Milagros Valentina,Salvador,29321466,1991-08-24,1820
Milagros Abril,Raimundo,27171943,1991-02-10,9623
Franco Agustin,De León,27078853,1981-08-18,2286
Brisa,Sánchez,31755137,1983-05-28,8690
Leonel,Martínez,21176501,1988-03-06,8324
Zoe,Amenedo,29506789,1994-04-27,5837
Augusto,Fernández,26114743,1995-04-19,9028
Lisandro,Fornerón,36080199,1996-07-09,4438
Abigail,Sotomayor,37411977,2004-04-04,9309
Lucio,Sala,28199801,1993-11-19,5839
Alma,Marchi,29701065,1990-10-22,7764
Amparo,Quispe,23319811,2000-01-25,4016
Facundo Ezequiel,Fava,22901465,2000-06-30,3929
Salvador,Leiva,28503166,1992-01-02,1729
Rodrigo,Agüero,36306392,1999-07-30,9213
Thiago Agustin,Basile,26528775,1995-05-12,5860
Matias Nahuel,Hidalgo,37277817,1997-09-24,2599
Franco Nicolas,Huarte,22507295,2004-08-03,1907
Gonzalo Ezequiel,D'Elia,39069366,2001-12-09,664
Ignacio Agustin,Pinedo,34120995,1995-06-10,5139
Lautaro Leonel,Moreno,33667064,2004-06-21,6920
Magali,Rojas,30486625,1998-03-11,5673
Matias Agustin,Scanone,25687335,1986-05-14,4153
Santiago Benjamín,Ramírez,35042336,1980-02-19,912
Milagros Ayelen,Nave,34576978,1988-05-15,7124
Milagros Abigail,García,25956922,1994-11-20,6798
Tiziana,Pinedo,24434508,1986-04-27,6165
Maitena,López,39469790,1993-09-07,5877
Santiago Ariel,Varela,26182168,1983-06-30,4815
Tatiana,Huergo,34077004,1987-08-29,5590
Valentina Abigail,Pineda,39909104,2000-09-16,7225
Maria Milagros,Farina,33933627,1993-03-02,3900
Tomas Benjamin,Casares,34827254,2000-09-12,9988
Santiago Martin,Pineda,30561682,1982-12-18,8503
Rodrigo Ezequiel,Quispe,22806426,2002-12-13,2365
Melina,Castro,36448643,1987-11-13,918
Paula,Álvarez,22583246,2004-06-24,5595
Violeta,Moreno,21499856,1981-09-09,1859
Franco Nahuel,Borges,24921293,1997-01-18,8405
Luisina,Surace,29037492,1992-09-28,2821
Maria Pia,Leal,26277399,1995-08-09,8897
Ana,Rómulo,21373997,1991-09-30,7986
Lucas Agustin,Hidalgo,37047514,1981-02-18,5586
Maria Lujan,Sberna,36312355,1997-11-07,1990
Milagros Agustina,Pineda,34255611,1989-04-18,9548
Mateo Nicolas,Pérez,32229600,2003-01-14,354
Matias Gabriel,Agüero,29592268,2000-10-03,7868
Jeronimo,Godoy,23945254,2003-10-04,3427
Facundo Nahuel,Castillo,32451720,1982-02-17,6278
Facundo Gabriel,Rebollo,39102990,2004-04-07,2862
María Florencia,Abadía,27901518,1987-12-14,6508
Mariano,Delgado,22949084,1983-02-21,3732
Luna,Leal,21189228,1995-06-18,1633
Trinidad,Scanone,24064942,2004-08-12,4069
Milagros Aylen,Giordano,34331373,1990-10-01,5498
Matias Alejandro,Sala,31385689,2001-08-02,5391
Santiago Daniel,Espinoza,24760051,1990-07-05,4016
Ludmila Abigail,Lorenzo,37922789,1991-10-28,7558
Kiara,Rómulo,22166755,1988-10-11,7719
Alejandro,D'Elia,33925263,1992-01-24,6054
Thiago Nicolas,Arredondo,34923014,1983-10-13,8071
Emanuel,Marín,21988365,1993-02-26,3174
Santiago Leonel,Jiménez,23984518,1980-07-18,7077
Axel Gabriel,Pavón,33101841,1982-11-28,7218
Benicio,Vasile,37137998,1990-08-04,6534
Francesca,Sánchez,29664122,1980-04-15,8880
Sofía Valentina,Galán,23798150,1991-11-02,1972
Juan Sebastian,Moreno,36559710,1988-07-19,9362
Ignacio Nicolas,Arellano,24800765,1990-01-12,7999
Lautaro Tomas,Rivera,34627356,1999-07-30,4365
Lucas Nahuel,Mamani,20412989,1980-03-14,2051
Lucila,Totora,27539070,1995-09-23,2455
Maria Celeste,Nari,23448311,2002-11-02,195
Valentina Belén,Jiménez,21850857,1991-01-02,6162
Priscila Abigail,Sorbera,33380102,1997-08-12,6793
Lautaro Valentin,Rojas,27554898,1999-02-25,1785
Ciro,Casares,26914746,2004-02-04,429
Lautaro Emanuel,Pavón,35111440,1986-04-29,1222
Thiago Benjamin,Giordano,29665396,1990-03-01,2997
Luis Fernando,Muñoz,22565345,1993-06-29,7516
Maria,Amenedo,36363324,1994-10-19,6177
Alvaro,Rivas,31529894,2000-01-17,8225
Candela Abigail,Pavón,36163304,1986-10-05,4726
Joaquin Alejandro,Ramírez,24741466,1993-09-28,2547
Genaro,Sotomayor,33118806,1988-11-06,2527
Magdalena,Espinoza,35286603,1993-07-20,8595
Agustin Alejandro,Demichelis,30565296,1999-12-15,1732
Santiago Valentin,Santana,28196184,1989-07-29,4171
Santiago Emanuel,Mamani,20611270,2002-08-24,307
Santiago Joaquin,Mejía,37742535,1988-09-30,7609
Martin Alejandro,Morales,27853955,2003-12-01,6497
Thiago Nahuel,Maradona,35154892,1992-08-20,3741
Mateo Benjamin,Vera,24982172,1987-01-11,8810
Franco Gabriel,Scioti,39611133,1980-01-07,6402
Facundo Agustin,López,36486608,1991-06-20,87
Lautaro Sebastian,Salem,32176788,1991-10-14,8914
Milagros Soledad,Galán,29714531,1990-07-21,4087
Ana Laura,Reyes,30273429,1983-09-21,6929
Lautaro Martin,Maradona,21314169,1993-04-19,2603
Celeste Abigail,Arredondo,30160974,1984-08-24,2933
Nicole,Jiménez,31796622,1993-12-31,5611
Abril Agustina,De Luca,34850054,1993-08-05,3918
Nicolas Alejandro,Galán,33384266,1995-03-16,1246
Lucas Daniel,Scanone,33024542,2004-05-07,8787
Micaela Belen,Pereira,37733480,2000-05-17,9139
Chiara,Benítez,34964409,2003-07-11,2636
Victoria Abril,Gutiérrez,22212692,1998-07-09,2877
Manuela,Sberna,37726478,2004-04-18,6155
Ulises,De Luca,22238821,1999-06-24,9590
Franco David,Lorenzo,33282952,1982-03-01,353
Santiago David,Agüero,39710952,1989-11-19,8406
Tomás Valentin,Hoffmann,31608581,1994-09-24,3553
Gonzalo Nicolás,Totora,23756715,1987-06-18,7002
Uriel,Marino,22105174,1995-05-11,3861
Joaquin Nicolas,Álvarez,39495099,1990-03-23,662
Thiago Valentin,Rojas,35237177,1985-06-15,8448
Román,Rotman,33348764,1988-07-16,3116
Luciano Gabriel,Álvarez,32764097,1985-12-14,8258
Camila Aylen,Pérez,35121992,1991-04-27,8794
Mia Valentina,Mamani,35211032,2000-09-05,1265
Thiago Ezequiel,Gómez,34455859,1993-01-23,4061
Fiorella,Marchi,39715103,1983-04-13,6523
Celeste,Sosa,23912434,1982-06-10,7617
Avril,Farías,39492773,1981-03-19,1951
Luciano Nicolas,Jiménez,34268579,1987-02-05,9289
Valentina Aylen,Casares,35225698,1999-05-12,792
Martina Belen,Marini,20303536,1983-07-15,6340
Tomás Alejandro,Santos,35507330,1999-01-11,1469
Martin Ezequiel,Leal,25692434,2000-09-02,9174
Luciano Agustin,Zurich,20022289,1995-02-10,1549
David,Mariani,36589442,1985-10-01,7846
Mateo Agustin,Galán,33642597,2004-03-19,736
Candela Belen,Salazar,29794779,1991-05-05,8494
Franco Leonel,Giménez,30435424,1980-12-14,3918
Kevin,Scioti,30971125,2002-10-15,199
Ludmila Ayelen,Marino,24205225,1995-03-04,341
Abril Valentina,Salazar,24652745,1993-12-10,5111
Felicitas,Surace,29048561,1997-04-13,7641
Camila Ayelen,Portillo,23850468,1984-02-14,4555
Marcos Gabriel,Marchi,32120017,1985-09-27,6808
Nahuel Agustin,Nari,30962315,1980-02-27,2731
Julieta Valentina,Sberna,35223476,1982-09-14,9747
Candela Agustina,Sotomayor,36339724,1997-04-18,2182
Kevin Ezequiel,Carranza,34803058,1993-11-27,9202
Luciano Ezequiel,Huergo,32923718,1989-01-03,5215
Andres,Carranza,34392480,2001-08-21,8760
Leonel Agustin,Rotundo,22334961,1996-03-13,7351
Ian,Sotomayor,32243714,1981-09-19,8218
Braian Ezequiel,Rojas,21997603,2004-03-23,6842
Valentina Milagros,Fernández,28985305,1994-01-21,9073
Rocio Milagros,Marini,39467100,2003-12-23,2746
Axel Uriel,Fava,23822159,1999-10-13,6479
Milagros Ailén,Leal,34778687,2003-06-07,6374
Fausto,Jiménez,29066218,1985-12-23,3288
Tadeo,Rotman,32135987,1991-11-23,8116
Daniel Alejandro,Soto,22596563,1983-09-03,4561
Axel Nahuel,Mora,39613172,1985-03-27,5898
Camila Agustina,Leiva,27327897,1982-05-25,2481
Luz Milagros,Rotman,26196993,2004-06-26,4250
Luana,Lorenzo,34437700,1983-08-07,9287
Matias Leonel,Delgado,37865994,1982-02-17,4579
Ornella,Sala,25041867,2002-04-25,2869
Enzo,Fernández,34844947,1986-02-06,1370
Brian Ezequiel,Díaz,38298438,1992-07-19,5906
Ludmila Belen,Marchi,39269037,2003-03-31,5506
Belen,Arredondo,29497589,1990-11-07,2338
Gaspar,Marín,34230104,1987-05-17,4234
Lionel,Martínez,30776765,1981-05-15,4178
Uma,Giordano,39216133,1994-06-10,4133
Nicolas Gabriel,Álvarez,35477174,2002-06-30,5723
Oriana,Moreno,20093526,2003-04-09,6295
Ignacio Gabriel,Raimundo,23284967,1993-03-07,4573
Justina,Soto,29755971,1989-11-23,9264
Sofia Magali,Gómez,30281486,1999-04-19,7663
Lucas Martin,Moreno,26581546,1988-12-04,220
Alexander,Varela,38665150,1989-02-24,2441
Ignacio Joaquin,Pineda,23767922,1985-03-18,2134
Leandro,Espinoza,31250811,2003-06-30,4140
Sofia Micaela,Quispe,25616127,1989-02-03,3701
Luz Maria,Farías,34550029,1991-07-22,3219
Matias Benjamin,Schapira,21443831,1993-11-04,1154
Rosario,Fernández,31167318,1982-08-01,9492
Axel Leonel,Mariani,37009316,1985-01-25,8807
Candela Abril,Godoy,32053058,2003-09-20,3250
Gonzalo Agustin,Nessi,33749421,1989-01-31,8896
Rodrigo Nicolás,Rivera,33131576,1982-03-24,7032
Thomas,Moreno,31375178,1990-04-28,3929
Ana Clara,Borges,35906191,1999-02-18,9463
Fabricio,Mancuso,22600068,1999-05-26,2280
Brisa Abigail,Loreto,26737725,1993-01-14,9075
Axel,Vera,32545737,1989-09-04,7544
Maria Del Pilar,Hidalgo,33393913,1984-08-16,6411
Gianluca,León,20140163,1998-12-07,3208
Fermín,Santana,39954334,1985-01-15,1352
Iara,Salvador,23010209,1982-09-18,1264
Tomas Gabriel,Martínez,35280427,1994-09-25,2508
Julieta Belen,Gonzales,35451787,2000-12-06,942
Lautaro David,Fornerón,29063875,1981-09-19,495
Axel Fernando,Agüero,28825881,1989-08-30,6641
Sofia Victoria,Pedone,30481638,1992-05-03,6268
Ambar,Santana,36103643,1990-02-25,6836
Pablo Ezequiel,Rojas,31718568,2002-11-28,2252
Juan Andres,Álvarez,37005603,1989-09-17,9683
Ana Belen,Pereira,25051812,1982-04-21,9779
Sofia Aylen,Flores,28355626,1993-08-05,2116
Alan Gabriel,Quispe,26233905,2004-01-03,8822
Lucas Leonel,Sorbera,33952267,1996-08-15,8951
Maximiliano Ezequiel,Varela,33712573,1994-02-27,1215
Camila Abigail,Rotman,28067482,1984-08-21,3952
Candela Valentina,Basile,32025873,1992-10-15,6253
Nahuel Alejandro,Rotman,20056585,1998-10-12,2284
Gabriel Agustín,Rivas,29380377,1993-12-23,4680
Benjamín Ezequiel,Fernández,33302433,1985-12-08,3316
Matias Daniel,López,30499823,2000-11-20,6507
Lucas Ariel,Vargas,38116091,2003-11-14,5846
Tomas Ignacio,Hernández,27177053,1981-05-05,2921
Alan Ezequiel,Varela,31959556,2001-09-18,3688
Sara,Leiva,37078415,1995-01-22,4879
Camilo,Moreno,38855560,1991-04-14,2356
Agustina Micaela,Sorbera,23316572,1993-02-04,5697
Facundo Daniel,Álvarez,38671823,2004-06-22,8062
Lourdes Valentina,Mora,32760729,2002-03-25,8771
Gaston,Marini,21705619,1983-01-03,4780
Francisco Javier,Duarte,28425539,1986-06-23,1451
Candela Milagros,Villalba,35676294,1992-04-09,8426
Sofia Milagros,Ibáñez,28639592,1994-02-24,4897
Maria Candela,González,24890738,1983-09-02,3421
Lucas Emanuel,Nessi,30627874,1982-09-17,7593
Fernando Jose,Rotundo,27742006,1981-11-23,358
Daniel,Rivas,34646291,2003-01-06,4756
Nazareno,Godoy,20375050,1986-11-13,9709
Florencia Belen,Álvarez,30665189,1986-10-03,1688
Mateo Ezequiel,Salazar,36924850,2002-04-15,6105
Luciana Belen,Fornerón,34458153,1990-10-13,7267
Benjamin Alejandro,Huergo,37209105,1986-04-08,4176
Matias Ariel,Carrizo,25896131,2003-12-01,954
Brisa Aylen,Sojero,22808976,1985-10-12,853
Santiago Alejandro,Marchi,36534168,1992-02-06,5170
Virginia,Mancuso,32620402,1995-03-07,2619
Facundo Ariel,Raimundo,33026065,1990-04-22,2168
Martina Abril,Morales,21351820,1980-04-08,1692
Tobias Ezequiel,Duarte,25324655,2001-12-13,1843
Macarena,Leiva,39035159,2002-11-05,7131
Ariana,Fernández,23955759,1996-06-06,9609
Thiago Gabriel,Saldaña,36909613,1991-05-21,4028
Lautaro Alejandro,Raimundo,20490802,1992-08-17,3405
Lautaro Uriel,Soto,21684488,1986-09-03,8261
Ines,Arredondo,25665937,1995-11-12,8318
Ariel,Rivas,21315869,1988-08-23,6501
Maria Josefina,Rodríguez,23181793,1985-11-28,1991
Patricio,Portillo,25771833,1997-07-06,3476
Gonzalo Gabriel,Morales,33685644,1987-10-25,6288
Lucas Nicolas,Amenedo,26018018,2001-11-13,8477
Maria Fernanda,Sala,33246289,1985-09-02,2194
Rafael,Castro,36074395,1994-04-13,9475
Rodrigo Nahuel,Salem,35044722,1998-08-21,4171
Luisana,Mariani,24482697,2001-07-19,59
Leonel Alejandro,Álvarez,31233456,1985-03-10,1980
Rocio Abigail,Pereyra,34601197,2003-05-28,3302
Gino,Casas,33497647,1988-07-12,9219
Joaquina,Pavón,35668047,1982-09-14,6193
Marco,Sotomayor,33187606,1996-10-03,7897
Lautaro Javier,Pavón,30713022,1997-03-16,8929
Celina,Fernández,36938001,2002-01-20,3779
Ludmila Aylen,Portillo,20829789,2004-02-02,4385
Alexis Ezequiel,Moreno,25577023,1993-01-06,617
Thiago Joaquin,Zurich,23085449,1986-02-16,2748
Alexis Gabriel,Salem,33255142,1997-01-14,9082
Federico Agustin,Rosso,22239435,1983-11-05,8238
Lara Valentina,Carrizo,33325950,1999-04-27,3819
Florencia Agustina,Raimundo,35533971,1990-11-12,6724
Maria Pilar,Saldaña,33134712,2000-05-08,4484
Santiago Andres,Sosa,20811272,1997-10-26,6900
Camila Milagros,Giordano,34360165,1992-05-15,6529
Franco Daniel,Amenedo,20268565,1995-08-14,4456
Marcos Agustin,Sojero,21130517,1996-01-18,8093
Ana Lucia,Álvarez,28349783,2002-01-02,1601
Thiago Uriel,Casares,27792215,2003-03-02,2123
Santiago Javier,Scioti,35975744,1990-12-05,3058
Marco Antonio,Marino,21616916,1983-07-04,9167
Ana Luz,Hidalgo,33338852,2002-07-20,260
Rodrigo Sebastian,Jiménez,29141928,1999-11-07,7437
Maria Paula,López,26375699,1983-01-02,734
Rocio Micaela,De León,29453091,2000-10-29,8002
Camila Abril,Loreto,25160437,1997-02-15,3511
Milagros Guadalupe,Mejía,20931495,1982-12-20,6454
Valentina Magali,Contreras,28034070,2003-12-18,8825
Kevin Nahuel,Duarte,25365005,1991-11-03,5509
Francisco Nicolas,García,37548505,1987-09-17,3989
Micaela Ayelen,Benítez,20797232,1999-05-10,1540
Maria Del Rosario,Agüero,22776496,1995-04-26,1263
Martin Nicolas,Vasile,32844711,2001-11-01,698
Federica,Delgado,33283375,2003-05-24,6924
Facundo Tomas,Galán,32152689,2000-08-08,7238
Santiago Uriel,Mariani,25577528,1996-09-28,3093
Carlos Daniel,Leiva,37511748,1999-08-25,2838
Lucas Sebastian,Loreto,27186889,1989-02-09,9753
Axel Ezequiel,Rotundo,26861788,1980-08-27,8224
Mateo Joaquín,Rómulo,27827688,1986-12-07,3112
Leandro Ezequiel,Rodríguez,27884515,1980-09-26,8351
Ludmila Milagros,Goicochea,30669510,2003-10-02,6304
Lautaro Ariel,Contreras,24266576,1999-06-02,8549
Diego,Fava,34227706,1987-07-23,5907
Julio Cesar,Espinoza,37855728,1984-09-13,3228
Vicente,Salem,23356096,1994-12-08,3812
Francisca,Rojas,20924799,1995-06-26,5893
Mariana,Fazzi,20846449,2000-08-11,9601
Luis Alberto,Salem,23762232,1994-02-08,1056
Rocio Ayelen,Gómez,30006223,1992-01-16,5587
Fernando,De Luca,32849299,1988-06-18,848
Ema,Pavón,39883662,1994-08-19,7511
Alexis Nahuel,Maradona,37026581,1993-11-20,724
Ignacio Ezequiel,Fava,32712790,2000-05-04,2896
Milagros Lujan,Nave,28957306,1981-06-30,2419
Kevin Agustin,Espinoza,31183859,1991-06-11,4678
Facundo Leonel,Rivera,20934521,1984-03-19,7686
Abril Agostina,Basile,29782105,1984-04-19,705
Maite,Díaz,33722475,1998-02-01,9557
Sebastian Alejandro,Basile,36634299,1981-07-25,8209
Dylan Ezequiel,Rómulo,26963086,1998-02-04,1062
Maria Constanza,Nari,35284877,2001-04-26,9264
Maximiliano Gabriel,Delgado,22546130,1995-09-04,6492
Daniela,Pérez,31551999,1996-12-06,1507
Lucas Benjamin,Fazzi,39384012,1998-09-12,6552
Lautaro Jesús,Salem,29745965,1994-07-18,8384
Lucas Joaquin,Sberna,35145441,1999-01-22,9378
Thiago Leonel,Leiva,25827151,1996-03-23,4936
Axel Daniel,Pineda,36603938,1998-06-27,6461
Azul,Mejía,20638560,2004-04-13,4389
Sofia Abril,Rivas,32002538,1989-05-31,5770
Milagros Micaela,Mamani,27247001,1982-06-23,7710
Milagros Magalí,Basile,37722289,1986-09-28,804
Maria Lucia,Saldaña,27690046,2002-05-28,9047
Marcos Ezequiel,Quispe,28984492,1999-03-11,7817
Lucas David,Castro,22347345,1990-02-25,285
Axel Agustín,Portillo,28570131,2000-11-27,6993
Gonzalo Nahuel,De Luca,28168531,1980-09-11,4990
Thomas Agustin,Nave,35616788,2002-03-19,9644
Franco Tomas,Mariani,26965700,2000-06-21,5198
Florencia Abigail,Zurich,21743000,1998-09-30,2447
Maximo Agustin,González,37684339,1984-04-29,9766
Camila Soledad,Gutiérrez,26265715,1995-12-26,9655
Luciano Benjamin,Contreras,29815611,1992-01-23,9105
Bautista Nicolas,Rotman,20261779,2001-11-23,4551
Fabrizio,Hernández,21583113,1993-12-07,1079
Alfonsina,Álvarez,38750738,1997-01-27,9947
Lautaro Exequiel,Totora,31050257,1998-07-03,5914
Leonardo,Vasile,39337670,2002-06-14,6801
Mateo Valentin,Sorbera,30446817,1987-03-29,6406
Juan Agustin,Sánchez,31208730,2000-08-17,8516
Brisa Ayelen,Abadía,31844526,1986-07-19,387
Laureano,Raimundo,23399511,2002-07-11,9431
Lautaro Damian,Martínez,26233207,2004-06-01,9531
Leandro Nicolas,Sánchez,30058187,1984-12-30,1859
Matias Sebastian,Fornerón,27854498,1994-12-16,605
Francisco Agustin,Valenzuela,21359122,1984-06-11,9401
Carola,Schapira,26945502,1983-03-26,8676
Elias,Huarte,31631763,1986-07-26,235
Rocio Guadalupe,Salamone,24395612,1981-11-16,1653
Ignacio Benjamin,Salem,37318099,1993-10-17,5440
Maria Laura,Pavón,39537246,1992-05-18,5516
Facundo Emanuel,Sánchez,25759006,1993-02-27,6034
Facundo Martin,Ramírez,20594427,1994-08-17,9025
Pablo Agustín,Rojas,30638066,1988-11-08,564
Agustina Milagros,Demichelis,28877589,1982-02-04,6064
Valentina Jazmin,Sojero,34508436,2001-11-13,9547
Sofia Ailen,Salem,21020575,1989-09-06,1215
Florencia Magali,Mejía,36812743,1986-03-24,7945
Valentina Guadalupe,Amenedo,32161130,1997-08-03,1372
Kevin Nicolas,Fazzi,35984553,1994-01-16,8840
Ana Sofia,Basile,24225514,2004-06-05,7310
Aylen,Marín,24451128,1983-04-18,5480
Thiago Lionel,Rómulo,22080073,1982-05-08,8193
Franco Emanuel,Vargas,35942284,1996-07-27,8914
Eugenia,Gutiérrez,34498340,1987-07-17,55
Rocio Magali,Mejía,33170397,1997-03-18,2633
Valentina Luján,De León,32146796,1982-11-25,5325
Federico Nicolas,Giménez,36878932,1988-11-29,5912
Morena Abril,García,20782511,2003-08-04,3505
Candela Magali,Portillo,28515205,1990-09-02,2394
Aldana,Reyes,25222752,1993-01-12,9506
Elias Ezequiel,Rómulo,36787463,1993-08-19,2428
Tobias Benjamin,Andrade,33523363,1996-11-19,9659
Leandro Agustin,Carranza,32028298,2003-01-11,1767
Tomas Nahuel,Lorenzo,32740935,1988-04-11,6618
Esteban,Huergo,22971921,1996-02-05,5197
Tobias Agustin,Rotman,20357614,1982-01-10,8333
Matías Emanuel,Zambrano,25485026,1982-02-28,6895
Lucas Santiago,Mariani,21227507,1986-05-19,5898
Sofia Guadalupe,Portillo,32122421,1998-06-04,5593
Ernestina,Agüero,38423198,1980-04-29,4256
Iñaki,Giménez,20664055,1997-08-19,9975
Julieta Abril,Portillo,33730468,1994-02-14,6037
Valentina Ayelen,Flores,21634608,1984-10-12,616
Santino Nicolás,Contreras,27975457,1992-01-02,1039
Cristian Gabriel,Nessi,28997085,1994-03-21,4041
Tatiana Abigail,Galán,28304711,1993-02-21,4350
Giuliano,Marino,24829497,2004-03-26,6505
Jose Manuel,Lorca,23553402,1983-11-09,9017
Santiago Ivan,Silva,21065972,1994-03-25,4650
Rodrigo Agustín,Pineda,21059151,1995-07-12,9400
Milagros Agostina,D'Elia,39038769,1984-05-02,1367
Ezequiel Alejandro,Muñoz,39895905,1980-07-03,1227
Jeremias Ezequiel,Pedone,34601510,1996-12-04,2791
Maria Agostina,Soto,37272947,1995-08-29,4379
Nahiara,Pereyra,24081363,1992-10-20,6779
Valentina Soledad,Mariani,27350776,1986-08-29,1364
Alan,Mejía,38590599,1980-10-18,2068
Candela Agostina,Hoffmann,24574584,1994-10-04,4627
Abril Milagros,Villalba,29682919,1996-05-11,9024
Mercedes,Villalba,39090884,1982-12-16,4305
Axel Nicolás,Sotomayor,32088713,1989-12-22,3847
Santiago Jose,López,34369296,1998-02-07,3450
Juan Pedro,Silva,23392910,1985-12-20,1619
Agustin Gabriel,Rotman,34208934,1988-10-03,4540
Rocio Aylen,Lorenzo,25678837,1993-11-25,7871
Carmela,Vargas,33985084,1995-06-25,771
Joaquin Andres,Santos,27888799,1982-10-09,8391
David Ezequiel,Jiménez,32298246,1984-08-14,4936
Sofia Abigail,Salazar,25800042,1989-02-11,3340
Joaquin Gabriel,Basile,20845569,2000-05-11,8907
Ludmila Magali,Mejía,39391937,1981-04-29,1230
Francisco Jose,Rojas,32776998,2002-04-20,9022
Nazarena,Gutiérrez,32103730,2004-02-29,5168
José Antonio,Mariani,38887920,1984-06-14,5565
Luis Miguel,Saldaña,35983174,1983-11-26,4850
Ivan Ezequiel,Huarte,25696866,1993-01-03,8456
Agustina Soledad,Borges,27217949,1993-08-02,2183
Baltazar,Ramírez,32070457,1986-11-18,577
Jonathan Ezequiel,Casas,21806222,2004-03-20,7245
Teo,Portillo,24214962,1985-07-27,5962
Sebastian Ezequiel,Godoy,22045190,2000-06-25,610
Tatiana Belen,Duarte,34133692,1987-02-11,470
Lautaro Lionel,Huergo,26100459,1999-10-21,5168
Angel David,González,20620698,1980-08-23,6840
Ignacio Martin,Castro,28810535,2004-05-30,2683
Luis Alejandro,Flores,32641673,1989-04-25,9125
Priscila Ayelen,Borges,22356996,2001-02-23,665
Maria Candelaria,Gutiérrez,21266229,1993-12-13,9639
Rocio Valentina,Rivera,35491000,1996-12-23,8615
Ramiro Agustin,Fernández,34787741,1993-11-29,6956
Alexis,Muñoz,26849398,1996-08-21,3020
Jose Maria,Zambrano,36656594,1999-11-10,3234
Carlos Gabriel,Silva,31033102,1990-05-04,3814
Thiago Martin,Delgado,23418038,1985-07-24,1880
Bruno Nicolas,Zurich,39178165,2000-01-29,9624
Luciana Valentina,Sberna,32552171,1991-11-15,2130
Sofia Antonella,Casares,20753312,1992-03-25,9612
Priscila Belen,Sosa,20995229,1987-08-20,8294
Uriel Alejandro,Leiva,34974312,1990-07-25,2006
David Alejandro,Huarte,30362169,1997-06-23,4367
Iara Valentina,Salvador,39213946,2003-06-09,7509
Priscila Aylen,Mejía,27422583,1994-03-23,3216
Franco Sebastian,Marino,28243925,1993-04-29,905
Agustina Aylen,Pinedo,32284617,2002-04-16,5919
Camila Ailen,Vargas,24313641,1995-08-09,7473
Agustina Abigail,Zambrano,25267007,1985-11-22,5487
Dylan Gabriel,Valenzuela,26332530,1980-04-21,5811
Alejo Nicolas,Pavón,20549527,1983-02-16,3600
Micaela Agustina,García,27392472,1980-07-21,153
Leandro Gabriel,Casares,30483420,1991-02-25,228
Dolores,Pérez,28220264,1987-10-21,8007
Kevin Daniel,Huergo,34187851,1996-02-18,528
Maria Lourdes,Rómulo,38258709,1992-11-01,2693
Elias Gabriel,Huarte,26735947,1987-04-09,4150
Francesco,León,28601276,1990-01-25,9043
Rocco,Jiménez,23323456,1990-04-17,653
Dylan Uriel,Benítez,29479297,1982-12-01,150
Brisa Milagros,Santos,21128797,1999-02-22,3769
Bianca Valentina,Leal,31641167,1988-06-20,1386
Marcos Antonio,Schapira,36020868,1985-09-24,8590
Tomas Joaquin,Pavón,39382167,1984-05-05,2839
Gonzalo Sebastian,Mariani,22677805,1994-02-27,575
Tomàs Ariel,Salamone,29032666,1992-06-24,8653
Axel David,Abadía,35627440,1988-10-06,3280
Agostina Belén,Duarte,24491287,1982-06-06,3431
María Magdalena,Arredondo,33418851,1989-07-25,7257
Lourdes Abril,Pereira,37759263,1981-03-22,4731
Juanita,Sánchez,38434787,1998-05-10,3981
Agustina Ayelen,Morales,22657078,1983-11-14,8036
Geraldine,Amenedo,21258202,1987-11-12,8288
Irina,Leiva,25161703,1998-02-05,6084
Ramiro Nicolas,Sojero,20433320,1994-07-21,5323
Mateo Gabriel,Fazzi,34965984,1999-02-18,6422
Milagros Anahi,Soto,21594983,2003-11-19,1203
Iara Abigail,Castro,26033122,2000-12-20,3198
Candela Jazmin,Demichelis,34691583,2000-01-09,9737
Bruno Ezequiel,Scioti,20601401,1988-05-17,2973
Brisa Magalí,Zurich,33626255,1994-07-12,3072
Francisco Tomas,Sosa,31974679,1994-07-24,4865
Tomas Emanuel,León,30864444,1983-01-15,9523
Joaquin Uriel,Casares,26545334,1984-02-07,6983
Maria Delfina,Gonzales,25426034,2001-10-04,7766
Barbara,Salazar,24380562,1988-12-15,5955
Santiago Ismael,Contreras,23587873,1993-06-22,379
Tobias Uriel,Basile,37836974,1986-08-06,7984
Ludmila Abril,Mancuso,37806256,1998-10-08,338
Leandro Nahuel,Casares,38379343,1997-05-03,1716
Cristian,Abadía,28780478,1994-02-16,9469
Julieta Magali,Delgado,36316398,1981-05-06,7085
Fátima,Ramírez,30033636,2001-06-15,9538
Facundo Sebastian,Díaz,30523182,1992-06-05,5629
Gianfranco,Marín,28760218,1986-09-21,5552
Fernando Gabriel,Rivera,34320064,2003-10-25,1213
Thiago Tomas,Abadía,25493754,1996-06-21,6884
Alejandro Gabriel,D'Elia,38940032,1987-06-02,3199
Sofia Agustina,Rotman,24679280,1990-11-10,8425
Agustina Abril,Mora,20067958,1992-01-02,8099
Lucia Milagros,Rotman,21639590,1983-12-10,9960
Maia Valentina,Lorenzo,38915687,1996-01-25,9234
Araceli,Vera,27545791,1981-06-15,9017
Agustina Magali,Gutiérrez,34878395,1984-03-26,8209
Morena Abigail,Surace,36192012,1985-01-05,7825
Gonzalo Daniel,Fava,25720280,1998-11-20,9829
Faustino,Maradona,34329822,1986-09-01,9432
Valentina Micaela,Arredondo,24646219,1983-10-17,7374
Ignacio Valentin,Nave,34370087,1993-02-22,9891
Maria De Los Milagros,Salamone,29573587,2001-03-13,7719
Brian Nahuel,Leiva,20620659,1990-06-23,2709
Lautaro Andrés,Mora,30789439,1986-01-14,4395
Dylan Agustin,Martínez,32726566,2001-05-21,8592
Fernando Ezequiel,Contreras,24554977,1986-03-30,4940
Lucas Alejandro,Morales,27578430,2000-02-02,9231
Milagros Antonella,Hidalgo,34111285,1982-11-19,6495
Alan Nahuel,Pérez,38538203,1992-01-16,9951
Tobias Nahuel,Pereira,30217447,1983-07-10,8842
Joel,Loreto,37567930,2001-08-03,4245
Lucca,Vera,31357692,1989-04-13,4184
Martin Ignacio,Galán,39809339,1999-06-14,5083
Matias Joaquin,Hoffmann,27188320,1982-12-01,240
Nahuel Ezequiel,Arredondo,29740633,2001-02-10,9905
Milagros Rocío,Martínez,24734141,1980-06-25,751
Alejandro Ezequiel,Casas,32199218,1984-10-12,7496
Valentina Ailén,García,39948864,2004-04-26,7496
Alejandro Daniel,Varela,35660295,2001-12-13,5825
Zoe Valentina,Pérez,32693230,1984-06-27,3803
Maximo Alejandro,Delgado,31098727,1980-11-19,8322
Pablo,Varela,27659428,1994-05-22,7277
Luciano Joaquin,Marín,22735117,1987-06-09,3426
Ludmila Ailen,Sosa,37749084,1990-02-14,7798
Brisa Valentina,Quispe,24734572,1998-01-28,5498
Enzo Gabriel,Pérez,36007044,1987-02-16,2372
Estefania,Farina,29869318,1992-02-09,6289
Maria Sofia,Moreno,25318417,1988-08-13,7165
Kiara Abigail,Rivera,28854229,2000-07-11,888
Thiago Sebastian,López,24415865,1982-07-04,1822
Ivo,Delgado,24117649,1997-10-01,5837
Brenda,Martínez,39572164,1984-02-20,134
Florencia Valentina,Mejía,20671854,1981-09-19,4191
Pablo Nicolas,Sosa,27010143,1981-05-15,8865
Juan Antonio,Giordano,37924082,1994-07-15,885
Brian Nicolas,Mora,27892004,1983-01-23,5020
Leon,Vasile,24965361,1995-05-17,6205
Gonzalo Martín,Zurich,28412671,1989-11-22,245
Alejo Benjamin,Silva,23050137,1995-01-08,5316
Javier Alejandro,Andrade,33696247,1990-11-25,5540
Alexis Nicolas,Gonzales,32385799,1982-09-27,5059
Ana Victoria,Portillo,38743311,1990-08-17,9653
Maria Clara,Rotundo,35096652,1987-09-22,814
Jorge Luis,Scanone,35591981,1992-12-11,3417
Maximiliano Agustin,Marini,21359966,1990-04-27,1339
Ignacio Tomas,Carrizo,30227200,1982-05-19,5384
Ramiro Ezequiel,Basile,29466208,1985-12-13,1964
Santiago Manuel,Valenzuela,25428762,1993-10-28,1085
Candela Aylen,Pineda,35514116,1983-09-05,2103
Serena,Mejía,28069414,1997-03-09,4821
Selene,Salvador,26802084,1987-02-01,6711
Stefano,Fazzi,26226577,2002-07-16,9952
Ismael,Álvarez,24240036,1995-12-30,5583
Priscila Magali,Espinoza,37933508,1996-07-10,3810
Helena,Rotman,20321124,1983-10-28,445
Ana Maria,Salem,39474561,1992-11-16,2998
Miranda,Rómulo,37961562,1996-08-14,8260
Tobias Nicolas,Arellano,26481607,1983-06-23,9405
Jorge Daniel,Leiva,28083766,1989-02-12,5993
Benjamin Nicolas,Basile,26293526,1982-08-25,4956
Bautista Benjamin,Álvarez,30637069,1998-09-04,4812
Santiago Sebastian,Pereyra,27529778,1991-04-19,6193
Valentina Nicole,Gómez,29788484,1987-03-06,6888
Ana Valentina,Carrizo,25617132,1999-05-24,8624
Martin Gabriel,Álvarez,23467842,1984-12-12,7560
Morena Valentina,Lorenzo,28008414,1981-05-16,1215
Joaquin Leonel,Leal,39752108,1988-07-05,3260
Lucía Magalí,Sala,31430954,1980-11-10,6679
Matias Ignacio,Delgado,25677271,1993-09-25,3794
Ignacio Sebastian,Delgado,36500491,1999-09-07,9959
Santiago Jesus,Agüero,38410643,1985-12-05,691
Federico Ezequiel,Raimundo,30221317,1991-08-19,3944
Marcos Daniel,Ibáñez,31350744,1983-03-28,3679
Mauricio,De Luca,29217729,1994-10-15,3989
Gabriel Nicolas,Maradona,30924940,1982-12-27,6466
Nicolas Martin,Martínez,30761978,1987-07-22,6215
Samuel,D'Elia,36430812,2000-11-07,3443
Santiago Lionel,Goicochea,23449915,1990-07-05,2490
Agustin Emanuel,Totora,31143118,1996-10-09,4902
Tiago Nicolás,Vera,38077347,1996-04-14,5899
Camila Rocio,Goicochea,28421681,1983-09-12,23
Diego Agustin,Ramírez,27209914,1991-02-08,5034
Marcos Nahuel,Carrizo,25810815,1999-12-24,7278
Kiara Valentina,Rebollo,34647574,1984-02-04,8157
Joaquin Sebastian,Álvarez,31805716,1983-06-05,2799
Milagros Jazmin,Rojas,39764693,1993-11-09,2398
Diego Alejandro,De León,32185478,1980-12-18,510
Rodrigo Gabriel,Villalba,33621724,2000-09-23,6074
Gonzalo Joaquin,Rotman,30335924,1983-06-18,7159
Tiago Benjamin,Hoffmann,36043646,1997-11-19,9075
Facundo Benjamin,Gómez,32294675,1994-12-10,5601
Antonella Belén,Goicochea,25055603,1980-07-05,8408
Emilio,Sberna,29232957,1986-03-09,8023
Ignacio Nahuel,Santana,26146238,1986-08-05,5203
Alan Leonel,Loreto,29001036,1986-10-16,9892
Julieta Abigail,Maradona,21310038,1980-04-10,1827
Maria Isabel,Vasile,29162144,1989-10-28,9561
Ana Gabriela,Nave,27520735,2002-09-04,4788
Sofia Ayelen,Leal,33733990,1987-08-04,8979
Gianella,Sojero,34882477,1999-02-03,4523
Juan Segundo,Farías,32785336,1981-01-25,7037
Ailen,Mora,32863869,2001-07-29,185
Jonathan,Pedone,33650471,2002-09-08,5090
Alex,Marín,21926461,1991-12-27,1416
Sol Agustina,Pavón,21228697,2003-04-17,8059
Tiago Agustin,Vera,36531176,1987-04-09,1883
Ariadna,Castro,21494875,1995-03-30,8210
Kiara Aylen,Espinoza,26098623,1996-05-14,3613
Javier,Contreras,31406506,1985-05-18,9922
Cristian Ezequiel,Rivas,30007779,2001-03-09,4336
Daniel Agustin,Marín,30909171,1988-06-20,7156
Juan Roman,Rebollo,29945067,1992-05-25,6106
Leonardo Gabriel,Pereira,33671734,2002-12-16,3777
Gonzalo Emanuel,Rivera,30013341,1983-06-25,888
Maximo Gabriel,Quispe,26910756,1999-05-11,1679
Miguel Alejandro,Fazzi,26381462,1986-01-14,9779
Gastón Ezequiel,Sojero,21922126,1988-09-27,8441
Rodrigo Emanuel,Salazar,38755807,1985-10-23,8424
Lucas Valentin,Borges,33178536,1982-07-08,8377
Brenda Magali,Vera,27967465,1985-05-09,2671
Lucas Matias,Rómulo,33763293,1983-05-05,2125
Fernando Agustin,Pineda,26796014,1990-05-18,4785
Gonzalo David,Rotman,20436081,1983-01-27,791
Lucas Ivan,Díaz,38979519,1983-07-10,1119
Joaquín Emanuel,Varela,33425358,1993-12-03,3575
Francisco Gabriel,Huergo,29971406,2000-12-28,51
Tiago Nahuel,Pereira,32044334,1993-12-21,1012
Ezequiel Agustin,Arredondo,26868246,1980-11-06,6929
Cristian Daniel,Soto,35136162,1981-03-21,344
Valentina Nahir,Rosso,26680439,2004-02-02,1084
Rocio Ailen,Muñoz,29171027,1998-04-06,901
Valentina Sofia,Salvador,29949133,1989-11-09,146
Tomas Leonel,Fava,36877192,1995-05-22,571
Agustina Ailen,Gómez,23088654,2002-02-13,8813
Lucia Valentina,D'Elia,22222703,1998-10-08,5556
Victoria Belen,Hoffmann,29740125,1999-10-15,5451
Iara Belen,Álvarez,32927032,1995-02-22,307
Kiara Belen,Mariani,31693510,1983-12-31,144
Antonio,Espinoza,20094973,1989-06-05,9159
Lautaro Joel,Vasile,24939985,2003-05-27,3462
Jonathan David,Martínez,36339753,1984-07-11,7683
Luciano Nahuel,Moreno,21799349,1983-04-08,3278
Renzo,Zambrano,37820703,1993-08-16,4362
Camila Antonella,Abadía,22045227,1982-06-12,4839
Leonardo Ezequiel,Rotman,24224566,1986-03-03,9530
Cristian Ariel,Quispe,37357635,2004-02-28,9022
Brisa Abril,Carranza,38542034,1995-08-02,8544
Lourdes Milagros,Gutiérrez,38618466,1989-03-07,4118
Jimena,Hidalgo,36327127,2002-07-19,3825
Lautaro Ismael,Pinedo,23101806,1992-10-22,2992
Micaela Abigail,Totora,22746634,2001-02-02,3452
Alexis Daniel,Santos,27916604,1989-12-22,6413
Luna Morena,Giordano,20614240,1994-09-19,979
Mauro Ezequiel,Marini,28881375,1984-07-25,3909
Lourdes Abigail,Vera,26314142,1987-12-12,9098
Agustin Ariel,Moreno,27745924,1986-03-24,7415
Joaquin Tomas,Ramírez,31145457,1993-11-25,579
Franco Ariel,Ibáñez,20141113,1983-02-27,5429
Ariana Abigail,Rómulo,36336759,1987-02-28,5352
Pablo Gabriel,Mamani,38160977,1996-03-10,6664
Lautaro Ivan,Ibáñez,37953173,2002-01-08,1961
Thiago Alejandro,D'Elia,22550109,1982-11-26,262
Facundo Javier,Godoy,25176110,1985-01-01,9216
Santiago Matias,Mamani,30983196,1986-01-14,3031
Axel Joel,Rivas,35596846,1991-01-02,8283
Franco Valentin,Vera,20595471,1984-02-15,1534
Jose Gabriel,Pérez,23550684,1998-04-28,3028
Valentin Ezequiel,Díaz,29751091,1990-03-08,3577
Facundo Alejandro,Goicochea,31045202,1995-01-31,3684
Luciana Abigail,Rotman,24437224,1993-03-17,2892
Mariano Agustin,Schapira,29286262,2003-04-28,4983
Brisa Ailen,Scanone,37827174,1988-01-10,1602
Milagros Lucia,Goicochea,36515615,2003-07-09,963
Ivan Alejandro,Vargas,30836170,1984-05-06,5142
Nicolas Ariel,García,23430086,1987-08-09,2396
Lucas Ignacio,Schapira,21774190,1990-04-11,1029
Alejo Agustin,Lorca,31235214,1989-04-30,7260
Sol Valentina,Marchi,34163775,1994-03-05,2458
Priscila Abril,Vera,25353333,2001-03-14,3783
Luka,Hoffmann,21827821,1984-05-21,706
Mauro,Lorca,36715898,1990-06-19,4689
Facundo David,Nari,24691016,2000-12-05,5641
Agustin Sebastian,Andrade,27442677,1990-06-03,955
Jonathan Gabriel,Benítez,30630353,1984-12-05,9659
Kevin Leonel,Rebollo,32389126,1998-10-05,1462
Camila Valentina,Sberna,30251593,1998-08-07,7250
Agustin Nahuel,Sánchez,21235528,2000-06-29,3280
Tobias Valentín,Rivera,39824617,1982-04-12,3732
Brisa Antonella,Sberna,39537239,2000-07-13,3032
Gregorio,Mancuso,25134198,1986-03-04,1952
Donato,Gonzales,35863023,1992-02-22,941
Axel Ariel,Abadía,33931967,1991-06-16,3315
Martina Guadalupe,Marini,30413197,1994-12-18,885
Melany,Contreras,38305380,1996-01-24,1899
Maria Alejandra,Benítez,20618587,2002-01-28,1432
Pablo Sebastián,Valenzuela,38980714,1997-04-12,3601
Gabriela,Benítez,26536787,1990-05-01,4687
Agustin Tomas,Hernández,26842921,1986-08-05,4130
Abril Micaela,Huarte,26545391,1996-03-04,8637
Valentin Nicolas,Pereyra,22586181,1980-05-30,6927
Camila Victoria,Demichelis,38832448,1996-12-31,4073
Diego Ezequiel,De León,33029500,1994-11-16,528
Enzo Nicolás,Marchi,25915829,1984-08-16,4124
Elias Benjamin,Rotman,33600952,2000-01-08,3191
Maximo Nicolas,Sala,22564817,1990-06-17,5337
Camila Guadalupe,Martínez,35065653,2002-12-11,5733
Berenice,Mariani,25163102,1986-12-24,5852
Luciano Martin,Mancuso,25484773,1991-03-11,7442
Valentina Pilar,García,31588477,1993-10-08,6266
Brisa Agustina,Hidalgo,36399043,2000-09-01,6332
Franco Martin,Castillo,29409410,2004-04-25,1464
Kevin Uriel,Casas,34216672,1989-02-12,6981
Lucas Tomás,Lorenzo,20642317,2000-01-10,4005
Dylan Nahuel,Carranza,33693143,1991-09-30,8017
Marcos David,Martínez,30806357,1989-04-14,5631
Brisa Belen,Rojas,29879872,1984-09-13,2926
Federico Gabriel,López,30088460,1995-03-17,9911
Mirko,Duarte,39708034,2002-08-01,1865
Tiago Ezequiel,Leiva,30562453,2000-10-08,3927
Natalia,Moreno,27870803,1989-04-06,1184
Matías Javier,Moreno,24675609,2000-06-20,7153
Ariel Alejandro,Salazar,39453092,1980-12-13,4537
Solana,Mejía,29702282,2000-03-20,8720
Milagros Celeste,Vera,31233398,1983-07-23,4977
Luz,Delgado,25641388,2003-08-14,5489
Mia Abril,Pineda,35078630,1982-12-08,6071
Facundo Manuel,Mora,38615308,1981-01-17,6705
Guido,Fazzi,27054127,1993-07-06,7476
Adrian,Rivera,30735344,1985-03-01,5969
Luciano Andres,Marino,26657010,1982-08-08,5765
Milagros De Los Angeles,Jiménez,33505154,1993-11-19,5175
Candela Lucia,Nari,21658586,1989-06-30,6488
Nahuel Nicolas,Vera,31856727,2001-11-21,7722
Kevin Gabriel,Valenzuela,20497096,1987-02-08,8376
Gonzalo Benjamín,Quispe,22788984,1998-07-30,280
Cristian David,Hoffmann,23898723,1989-10-30,6066
Agustin Ignacio,Sánchez,35370021,1997-06-08,2086
Lucas Damian,Hoffmann,23516571,1993-02-09,4954
Carlos Alberto,Martínez,32470741,1985-07-29,2752
Juan Daniel,Maradona,28483126,1987-04-18,4951
Elena,Zurich,26226672,2004-03-18,9286
Kiara Agustina,Nessi,28839265,1980-07-09,2076
Matilda,Castro,39002602,2000-06-29,8987
Abril Antonella,Ibáñez,35876212,1998-03-21,2449
Lionel Agustin,Rosso,32422946,1984-08-01,2734
Segundo,Muñoz,39763149,2003-03-01,7498
Angela,Amenedo,38667373,1983-08-24,2494
Rocio Abril,López,27738564,2004-07-22,2214
Daiana,Borges,25528142,2001-02-02,2639
Axel Maximiliano,Farías,29881049,2004-05-27,1305
Alan David,Rotundo,37471915,1983-12-14,4159
Florencia Micaela,Ibáñez,33628828,1998-06-26,3857
Diego Nicolas,Salazar,20783127,1992-01-27,5831
Mauricio Nicolas,Surace,31693796,1987-10-16,5164
Priscila Milagros,Flores,30279271,1991-03-14,2810
Maria Catalina,Zambrano,30794334,2002-05-30,4542
Axel Javier,Leal,38722174,1983-09-07,7750
Victoria Valentina,Pineda,27684874,1980-12-25,5074
Martiniano,Rivas,21304467,1983-05-01,1265
Juan Diego,López,22195531,1986-11-24,7018
Diego Armando,Salamone,29235370,1999-07-29,2523
Agustin Maximiliano,Ibáñez,38383691,1980-05-18,9010
Maria Trinidad,Sorbera,36077704,1998-09-02,5787
Margarita,Gutiérrez,23861941,1994-03-15,7367
Evelyn,Portillo,32862776,1990-12-20,1760
Diego Martin,Marchi,35119285,1982-11-23,2552
Alexis Sebastian,Farina,32419516,1984-05-20,5174
Priscila Jazmin,Maradona,22626557,1991-12-29,1133
Julieta Agustina,Sotomayor,32919447,1994-01-09,3060
Brenda Abigail,Díaz,28929952,1995-06-18,7857
German,Marín,22873065,1983-12-21,8758
Axel Rodrigo,Marini,36903038,1982-09-16,572
Kevin Joel,Marín,26627965,1983-12-09,767
Micaela Soledad,Flores,28594527,1987-05-02,3140
Jose Fernando,Rosso,27306568,1985-01-12,5832
Francisco Ezequiel,Nessi,39633300,1992-02-19,5997
Franco Javier,Pinedo,24967288,1999-03-09,8318
Federico Nahuel,Morales,28586855,2001-08-03,5821
Kevin Alejandro,Salvador,25244189,1983-06-24,8251
Nicolas Daniel,Castro,24844259,1997-05-03,6136
Priscila Ailen,Sotomayor,27398478,2001-05-20,5604
Maria Elena,Rivera,22332890,1998-10-25,1972
Cristian Alejandro,Quispe,29670226,1991-12-06,3025
Celeste Milagros,Schapira,33562492,1989-09-29,6151
Priscila Nicole,Vargas,36050213,2004-06-08,534
Maximo Joaquin,Fornerón,21157375,1995-04-24,4438
Micaela Aylen,Scanone,34783590,1991-02-09,3443
Ezequiel Nicolas,Pedone,32204855,1992-05-28,1022
Rocio Jazmin,Mariani,35114317,1986-12-07,4046
Candela Guadalupe,Pereira,32409776,1993-09-26,4987
Franco Lautaro,Flores,36222670,1992-02-19,5358
Maria Mercedes,Muñoz,21013487,2000-02-10,9229
Axel Sebastian,Scanone,25934690,1994-05-08,6602
Kevin Ariel,Basile,23217903,1990-09-24,4003
Candela Ailen,Nave,29226512,1982-09-23,5893
Brandon Ezequiel,Hoffmann,20060939,2004-03-18,810
Juan Ramon,Rivera,36847015,1987-01-12,3797
Angeles,Marino,31677196,2002-02-18,4760
Axel Benjamin,Salamone,38752772,2004-04-01,9313
Faustina,Castro,24344577,1987-09-17,111
Axel Emanuel,Arellano,33061049,1990-12-14,3200
Alina,Farías,33252026,1996-06-08,1591
Paula Valentina,Benítez,37756373,1990-11-02,2219
Thiago Daniel,Raimundo,20866564,1987-07-22,3649
Sabrina,Farina,25038762,1989-04-15,6043
Nicolas Nahuel,Arredondo,35826873,2001-02-28,8292
Pablo Daniel,Benítez,20993938,1985-07-05,4366
Nicolas Andres,Goicochea,32703724,1983-06-22,2307
Maria Antonella,Agüero,39528770,1982-02-02,2660
Martina Pilar,Vargas,28055138,1990-05-05,3736
Bautista Ezequiel,Espinoza,37870822,2002-09-27,1235
Lara Agustina,Martínez,30864912,1988-10-13,5102
Joaquin Ariel,Benítez,36419841,1996-09-15,9394
Tomas Uriel,D'Elia,38762129,1989-11-17,8367
Lautaro Maximiliano,Flores,24906282,1992-01-25,8343
Santiago Román,Rivera,33505548,1999-07-01,8838
Valentina,Ramírez,34521809,1998-06-09,9834
Santiago,Morales,20062313,1998-11-03,8878
Martina,Salamone,25335464,2003-01-18,7079
Joaquin,Carranza,29302525,1990-11-10,7198
Juan Ignacio,Moreno,34777122,1991-01-16,9516
Sofia,Sojero,20968560,1998-01-27,8384
Tomas,Rosso,34398481,1994-03-25,7782
Bautista,Fernández,39056933,1983-02-26,2996
Mateo,Rosso,35194479,1996-08-05,8395
Catalina,Agüero,22247238,1993-03-29,5826
Benjamin,Casares,29233600,1981-08-23,3202
Agustin,Casares,39200990,1980-12-26,7095
Santino,Pereira,26762110,1990-02-23,1215
Juan Cruz,Marino,28286955,1986-11-03,4537
Camila,Nari,30651112,1997-08-23,3362
Francisco,Agüero,38022497,1990-02-16,3750
Ignacio,Moreno,27996269,1991-07-11,2331
Lautaro,Marchi,21080519,1982-10-30,2188
Juan Pablo,Sala,33727817,1982-06-28,3411
Valentino,Huarte,26366222,1992-04-11,347
Lucia,Sberna,22870582,1992-02-28,2680
Delfina,Casas,37321517,1997-12-03,7957
Agustina,Arellano,37309122,1993-07-30,5945
Abril,Scanone,27912867,1982-11-22,3013
Victoria,García,22308115,1995-12-27,807
Guadalupe,Pereyra,35787977,1980-07-28,5903
Nicolas,Nari,39332570,1995-10-26,1351
Valentín,Soto,33239792,1990-04-13,9989
Julieta,Scanone,27953669,1982-05-19,3888
Morena,Duarte,20022799,2003-02-21,3463
Candela,Vera,25027696,1985-04-28,1426
Milagros,Contreras,20144117,1999-07-26,7229
Facundo,Casares,21869909,1988-02-22,3216
Matias,Surace,32658204,2004-04-10,9856
Maria Victoria,Rebollo,23131162,1986-12-06,5610
Josefina,Pavón,32942629,1986-05-18,2703
Franco,Hoffmann,21446583,1991-05-25,9422
Juan Manuel,Espinoza,36614095,1990-09-26,294
Felipe,Ibáñez,23377854,2004-05-26,3564
Juana,Nessi,20451488,1985-10-31,5178
Lucas,Santos,24986454,1993-12-30,7870
Maximo,Sotomayor,22761630,1987-07-03,9045
Pilar,Huarte,35729119,2004-05-08,593
Juan Bautista,Pavón,21658733,1980-07-16,858
Lautaro Ezequiel,Benítez,36062783,1994-04-09,6009
Thiago,Jiménez,35427868,2002-12-23,8191
Malena,Salazar,36436224,1989-07-10,9161
Lola,Salem,39795778,1995-04-01,5726
Mia,De Luca,31090871,2004-03-31,2220
Santiago Nicolas,Marchi,24034117,1986-09-16,7998
Matias Ezequiel,De Luca,33212137,1984-02-17,1119
Martin,Leiva,37739128,1986-08-26,8375
Ana Paula,Vasile,34504791,1983-08-01,5223
Tomas Agustin,Giordano,29106945,1990-07-07,9292
Manuel,Rivas,20740285,1983-06-27,5104
Agostina,Villalba,26343506,1999-08-30,9914
Ramiro,Giordano,34681482,1991-07-16,5206
Constanza,Mancuso,29073845,2003-03-26,9386
Maria Belen,Rómulo,27508438,1993-08-21,1467
Luca,Hoffmann,39240198,1988-07-01,7879
Bruno,Reyes,32669262,1989-07-18,5537
Micaela,Mejía,37963761,1992-06-08,6808
Lara,Lorenzo,21188817,2003-04-24,1171
Federico,Borges,21216112,1993-10-26,4293
Lautaro Agustin,Lorenzo,26922843,2000-03-02,1031
Julian,Demichelis,21412232,1982-07-26,5291
Lautaro Nicolas,Casas,32906856,2003-09-10,312
Bianca,Díaz,32425641,1985-01-01,2952
Tobías,Arellano,34567620,1999-03-05,5365
Renata,Pérez,31653042,1983-01-28,3699
Pedro,Huarte,37579943,2001-04-28,5129
Gonzalo,Sotomayor,39037051,1991-03-16,4300
Sofía Belén,Mora,29677166,1990-03-27,4135
Lautaro Benjamin,Agüero,29619522,1986-05-15,5017
Florencia,Flores,34699084,1995-08-30,7988
Juan Gabriel,Salvador,23683505,1992-02-12,6815
Rocio Belen,Carrizo,28770108,1989-08-18,196
Lautaro Nahuel,García,24259594,2003-06-26,4825
Miguel Angel,Scioti,24409308,2002-12-09,2660
Santiago Agustin,Vargas,27814241,1999-02-21,4764
Sebastian,Arredondo,37615055,1984-12-27,796
Emilia,Ramírez,21062233,1990-04-01,1897
Jazmin,Nari,39191187,1998-11-21,7068
Clara,Totora,30863108,1984-12-27,7055
Camila Belen,Lorca,35031190,1983-08-19,3561
Jeremias,Scioti,37273019,1999-04-25,4559
Mora,Jiménez,32895227,1983-09-22,5840
Luciano,Contreras,26790695,1984-05-01,9265
Alejo,Castro,31765542,1990-12-15,8096
Julia,Sala,22369173,1985-11-29,9437
Maria Valentina,Varela,22191693,1990-12-01,4608
Rocio,Vargas,33606573,1987-03-30,9970
Antonella,Surace,26076683,1985-04-01,4192
Simon,Basile,23788887,1984-08-08,2824
Maria Sol,Gonzales,31771154,1980-03-18,5286
Lucas Ezequiel,De Luca,29964854,1988-11-15,2339
Maria De Los Angeles,Marchi,37374536,1987-01-17,5762
Guillermina,Basile,39311469,2003-03-21,1549
Valentina Abril,Pineda,33425836,1994-01-09,6504
Matias Nicolas,Pinedo,38262630,1999-06-18,5846
Paloma,Abadía,27324513,2003-03-21,8557
Maria Emilia,Santos,24597517,2004-01-11,9289
Juan Martin,Rebollo,24214507,1997-09-08,3150
Ezequiel,Rotundo,35560903,1996-09-18,6485
Facundo Nicolas,Borges,32907147,1980-08-05,7360
Paulina,Rotman,38101092,2003-09-22,2458
Maria Jose,Salvador,36837202,1985-01-15,7882
Juan David,Duarte,34748611,1990-08-10,3979
Lautaro Gabriel,Leal,25425643,1984-06-21,618
Juan Jose,Valenzuela,21758241,2003-07-18,4056
Tiziano,Demichelis,33074469,1986-07-31,1294
Lorenzo,Morales,38179793,1984-08-31,1155
Santiago Ezequiel,González,22458186,1997-11-01,631
Maria Luz,García,31931650,1984-06-07,8509
Lourdes,Benítez,32935599,2000-09-25,8308
Agustin Ezequiel,Pérez,30315203,2001-09-02,7727
Angelina,Quispe,34623562,1998-02-12,9338
Ludmila,Mancuso,31321980,2001-08-21,7934
Maria Paz,Sojero,24377174,1998-12-09,5361
Priscila,López,33687748,1993-02-14,8526
Milagros Belén,Scioti,21700970,1981-07-27,2792
Marcos,Gonzales,39098878,1994-11-29,9225
Nahuel,Castro,36967260,1996-11-08,8145
Milena,Salvador,20974624,1981-07-15,6515
Luciana,Salem,30576186,2000-04-14,216
Agustina Belen,Vasile,24193949,1999-12-03,6324
Tomas Ezequiel,Fazzi,38248748,1983-10-06,9054
Nicolas Agustin,Huarte,39966467,1990-04-23,9211
Giuliana,Silva,24129446,1981-02-14,7381
Santiago Gabriel,Leal,28091920,2002-11-07,2709
Juliana,Gutiérrez,39402118,1992-10-03,9721
Ivan,García,23682480,1986-07-18,9644
Maximiliano,Saldaña,30473219,1985-08-30,6113
Maria Guadalupe,Marchi,39653010,1989-06-26,845
Isabella,Mariani,30299554,1986-09-20,6034
Santiago Tomas,Pinedo,20250816,1988-03-22,5782
Angel Gabriel,Gutiérrez,27403632,2000-05-21,7172
Jose Luis,Muñoz,22390815,1990-08-27,3891
Santiago Nahuel,Basile,39746683,1992-01-15,8956
Gabriel Alejandro,Jiménez,20286912,1986-06-14,4974
Tiago,Rotundo,27156537,1994-02-27,1445
Joaquín Ignacio,Mejía,33072008,1982-07-02,7239
Carolina,Rivas,25288972,1990-11-29,5850
Candelaria,Arellano,31225824,1982-12-08,3198
Octavio,Giordano,26607617,1990-11-18,2643
Jose Ignacio,Marino,24940097,1999-05-01,2206
Sol,Sánchez,26864940,1994-04-09,7245
Juan,González,34085908,1983-08-27,738
Lucia Belen,Hoffmann,35102634,1989-02-17,5964
Dante,Sala,20119046,1982-06-29,9295
Franco Ezequiel,Mora,34379736,1993-02-02,5524
Lucas Gabriel,Giordano,35044604,1997-04-03,2841
Lautaro Joaquin,León,22614868,1989-03-21,9318
Juan Francisco,Giménez,26842476,1998-01-28,8034
Geronimo,Fazzi,24534911,1992-01-01,7836
Emiliano,Rebollo,24488182,1988-04-27,137
Emma,Giordano,30003916,2001-06-06,9436
Gabriel,Silva,25656197,1986-09-11,3833
Maria Agustina,Vargas,37309459,1984-04-06,9985
Agustin Nicolas,Gómez,27771258,1994-06-06,973
Olivia,Contreras,21571929,1991-10-22,7276
Rodrigo Alejandro,Quispe,23865862,1991-09-28,2679
Nicolas Ezequiel,García,31918668,2001-08-11,8348
Maria Eugenia,Reyes,26882083,1987-04-23,3413
Joaquin Ezequiel,Marín,27761590,1981-02-27,6558
Lautaro Daniel,Agüero,25785615,1992-10-24,7633
Juan Carlos,Loreto,28861863,1981-05-28,2020
Maia,Soto,20778438,1995-03-18,5157
Milagros Valentina,León,36660986,1985-07-27,4293
Milagros Abril,Godoy,23320709,2000-09-23,2266
Franco Agustin,Santos,34439842,1991-09-24,2773
Brisa,Quispe,33348715,1992-05-07,5405
Leonel,Sojero,37776745,1998-05-09,2156
Zoe,Farina,26270055,1987-08-06,2956
Augusto,Martínez,36170301,1996-09-17,8687
Lisandro,Goicochea,26928331,1984-06-22,5048
Abigail,Marini,22206072,1997-05-30,3838
Lucio,Marino,25123505,1996-07-13,9083
Alma,Martínez,23681149,1983-06-09,7002
Amparo,Carrizo,27918553,1983-01-14,7668
Facundo Ezequiel,Basile,26024171,1986-07-01,7503
Salvador,Rojas,35898997,1992-10-30,8363
Rodrigo,Gonzales,35086826,1994-11-07,9046
Thiago Agustin,Salazar,31978878,1982-10-25,5096
Matias Nahuel,Ramírez,25089742,1995-10-23,2781
Franco Nicolas,Arredondo,32061413,2003-05-03,8518
Gonzalo Ezequiel,Varela,31487257,1994-09-01,8311
Ignacio Agustin,Lorca,39530906,1995-12-24,5059
Lautaro Leonel,Rotman,36416507,1982-01-31,9699
Magali,Huarte,25533050,1990-06-03,3387
Matias Agustin,Rotundo,37083093,1996-01-16,4629
Santiago Benjamín,Rebollo,23747670,1993-08-11,2532
Milagros Ayelen,Lorca,37775451,2000-06-15,105
Milagros Abigail,Salamone,35888378,1996-07-29,5578
Tiziana,Hernández,36021565,2001-01-02,1950
Maitena,Basile,35387257,1990-12-15,6970
Santiago Ariel,Totora,23534357,2002-01-27,6226
Tatiana,Mora,35845473,1989-10-07,8401
Valentina Abigail,Rotundo,28087644,2000-10-04,2931
Maria Milagros,Leiva,34348509,1986-07-07,7201
Tomas Benjamin,Galán,29090410,1988-05-14,7363
Santiago Martin,Rómulo,39791013,1998-02-19,8736
Rodrigo Ezequiel,Morales,32479697,1990-12-10,7247
Melina,Valenzuela,37489057,1988-11-02,5959
Paula,Scioti,32305379,1988-11-23,3381
Violeta,Delgado,29356075,1993-05-14,885
Franco Nahuel,Nave,30161386,1999-06-20,1395
Luisina,De Luca,23252758,1996-10-14,1758
Maria Pia,Sorbera,34600121,1981-08-22,1594
Ana,Galán,25350972,1999-01-20,8818
Lucas Agustin,Nave,22254089,1997-08-28,6349
Maria Lujan,Martínez,21381946,2002-07-06,2249
Milagros Agustina,Mariani,37048467,1998-04-02,7264
Mateo Nicolas,Valenzuela,24580228,1988-12-03,6507
Matias Gabriel,Maradona,21058015,1993-09-28,2981
Jeronimo,Nari,38811748,1989-02-05,7782
Facundo Nahuel,Arredondo,37101012,1992-06-03,7355
Facundo Gabriel,Castro,22924883,1982-05-21,8551
María Florencia,Leiva,22952211,1987-01-12,9725
Mariano,Giordano,33311281,2004-02-12,596
Luna,Ramírez,27385948,2000-09-13,9619
Trinidad,Zambrano,30675867,1986-03-28,3177
Milagros Aylen,Sánchez,27607045,2001-05-04,9673
Matias Alejandro,Mora,28698198,1994-09-25,7372
Santiago Daniel,Loreto,33501350,1985-03-23,8000
Ludmila Abigail,Totora,39862294,1995-08-02,6385
Kiara,Rebollo,23310287,1994-12-06,4763
Alejandro,Godoy,21822337,2001-12-23,5714
Thiago Nicolas,Abadía,39916944,1987-01-06,2843
Emanuel,Rebollo,38383375,1988-01-24,9795
Santiago Leonel,Sberna,23383800,2004-02-07,4477
Axel Gabriel,Lorca,29278191,1992-06-23,2955
Benicio,Zambrano,38116671,2003-04-29,451
Francesca,Lorca,27221587,1980-02-13,9116
Sofía Valentina,Leiva,30379093,1996-04-12,992
Juan Sebastian,Fernández,25455962,1988-02-07,1063
Ignacio Nicolas,Fornerón,28241651,1987-05-06,9012
Lautaro Tomas,Rotundo,34441357,1983-02-28,3765
Lucas Nahuel,Amenedo,21978449,1990-08-30,7301
Lucila,Contreras,34610844,1997-10-21,5226
Maria Celeste,Zurich,38822027,1989-07-16,7235
Valentina Belén,Castro,32553623,1986-10-18,5493
Priscila Abigail,Pinedo,24388026,1993-05-16,1665
Lautaro Valentin,Hidalgo,26410808,1999-09-19,6362
Ciro,Schapira,33394266,1986-09-06,881
Lautaro Emanuel,Flores,35351206,1981-02-18,7672
Thiago Benjamin,Espinoza,36117783,1996-01-26,4558
Luis Fernando,Andrade,27915822,1992-12-06,6707
Maria,Nessi,21582586,1982-12-08,7623
Alvaro,Nave,32734425,1992-06-07,5427
Candela Abigail,Scanone,33597338,2002-12-21,8314
Joaquin Alejandro,González,33639088,1993-02-18,1573
Genaro,Mancuso,28042578,1993-07-29,2690
Magdalena,Rebollo,30448195,1998-08-19,6574
Agustin Alejandro,De Luca,29705647,1992-02-07,8864
Santiago Valentin,Scanone,34137764,2000-11-28,6999
Santiago Emanuel,Moreno,27712991,2003-03-26,7827
Santiago Joaquin,Zambrano,23865283,1996-08-11,8282
Martin Alejandro,Mamani,20996205,2001-01-26,2440
Thiago Nahuel,Portillo,31812839,1983-03-26,5234
Mateo Benjamin,Martínez,32626229,1986-05-24,2391
Franco Gabriel,Pereira,25655687,1980-08-25,5733
Facundo Agustin,López,39704637,2001-08-19,2248
Lautaro Sebastian,Fornerón,27739165,1996-07-17,3170
Milagros Soledad,Demichelis,36879573,1994-11-11,3685
Ana Laura,Raimundo,28657919,2001-10-12,3540
Lautaro Martin,Morales,36421061,1994-03-07,7438
Celeste Abigail,Fava,24900296,1989-04-02,2551
Nicole,Andrade,32768351,1987-10-05,1694
Abril Agustina,Rotundo,26287477,1991-10-26,1686
Nicolas Alejandro,Contreras,39499584,1993-12-09,6966
Lucas Daniel,Farina,30289406,1980-01-26,861
Micaela Belen,González,20247562,1999-01-28,7431
Chiara,Castro,35537620,1982-08-10,2485
Victoria Abril,Rebollo,35444749,1998-02-09,6136
Manuela,Abadía,20261984,1988-11-01,9178
Ulises,Rotundo,21507837,1984-12-01,5269
Franco David,Castillo,30756479,1986-09-05,4589
Santiago David,Pinedo,21360163,1987-03-05,6521
Tomás Valentin,Gonzales,26957930,1983-10-27,232
Gonzalo Nicolás,Andrade,37039855,1993-03-14,6349
Uriel,García,20759869,1990-04-14,7980
Joaquin Nicolas,Fernández,33585365,1999-05-05,7296
Thiago Valentin,Salazar,33570259,2001-05-05,4942
Román,Sotomayor,35918706,1985-04-25,4965
Luciano Gabriel,Sánchez,31379913,2001-03-27,9522
Camila Aylen,Hidalgo,27599407,1999-09-24,6340
Mia Valentina,Giménez,35646540,1991-05-31,5130
Thiago Ezequiel,Farina,36370098,1982-12-07,4745
Fiorella,Carranza,39011332,1986-10-18,2853
Celeste,Pereyra,20795883,1995-12-25,1643
Avril,Casas,36432246,2001-02-17,8017
Luciano Nicolas,Rómulo,20878281,1989-01-16,2944
Valentina Aylen,López,38364467,1989-01-23,7303
Martina Belen,Castro,34901656,1989-07-24,2512
Tomás Alejandro,Loreto,34542099,1980-09-23,7515
Martin Ezequiel,Pereira,37370913,1985-04-27,1728
Luciano Agustin,Morales,21054548,1993-07-28,8816
David,Maradona,22913572,1981-10-16,2021
Mateo Agustin,Marchi,20681821,1985-04-12,8784
Candela Belen,Pineda,20645244,1995-09-14,5219
Franco Leonel,Loreto,32874325,1986-05-24,5183
Kevin,Sala,33076043,1996-06-11,8098
Ludmila Ayelen,Silva,33332108,1994-08-25,9158
Abril Valentina,Totora,30089272,1983-11-25,5587
Felicitas,Sánchez,23356550,1981-08-24,9525
Camila Ayelen,Ramírez,37039558,1992-08-16,5239
Marcos Gabriel,Quispe,22231364,1986-05-17,9213
Nahuel Agustin,Mariani,35449342,2000-08-10,9704
Julieta Valentina,Hoffmann,27276260,1999-01-28,7579
Candela Agustina,Gonzales,26264719,2000-09-26,5296
Kevin Ezequiel,Zurich,27403077,1988-08-31,7936
Luciano Ezequiel,Rodríguez,25343975,1985-04-02,6457
Andres,Gutiérrez,29699155,1985-04-21,8786
Leonel Agustin,Morales,23669686,2001-11-16,3573
Ian,Rotman,36915472,1986-01-07,2721
Braian Ezequiel,Rotundo,38894904,1989-11-01,3948
Valentina Milagros,Mamani,28181280,1984-12-01,8790
Rocio Milagros,Pinedo,38958436,1984-09-01,3279
Axel Uriel,Carranza,29289150,1981-11-11,9740
Milagros Ailén,Díaz,23566140,1994-08-04,4019
Fausto,Rodríguez,28445252,1980-05-26,845
Tadeo,Lorca,36176666,1991-07-20,5258
Daniel Alejandro,Hidalgo,25819895,1981-06-23,1008
Axel Nahuel,Sala,22818734,1998-01-31,5378
Camila Agustina,Galán,35007697,2000-07-02,6877
Luz Milagros,Fernández,22198438,1994-08-07,486
Luana,Zambrano,32607086,1996-12-29,5640
Matias Leonel,Mora,26359161,1994-02-03,5890
Ornella,Agüero,28894230,1984-05-29,5923
Enzo,Loreto,25924551,2002-07-10,9834
Brian Ezequiel,Arellano,37425753,2003-06-10,9753
Ludmila Belen,Lorenzo,32559987,2000-02-08,6698
Belen,Rivas,21171460,1985-11-26,3426
Gaspar,Pérez,20344743,1997-11-14,4728
Lionel,Borges,26785517,1988-05-14,3679
Uma,Mancuso,20893985,1994-10-25,5137
Nicolas Gabriel,Marchi,36099024,1982-04-16,6511
Oriana,Farías,36553291,1999-11-23,6300
Ignacio Gabriel,Maradona,36811542,1993-07-20,2877
Justina,Pavón,21068291,1999-04-12,137
Sofia Magali,Hernández,30984216,1987-07-28,6368
Lucas Martin,Casares,30885239,1982-08-09,5737
Alexander,Zambrano,22022216,1985-09-20,9899
Ignacio Joaquin,Mariani,32121535,1986-12-24,3640
Leandro,Flores,33477586,1998-07-20,3832
Sofia Micaela,Quispe,33189085,1991-09-13,1079
Luz Maria,Álvarez,20272548,1997-11-24,5247
Matias Benjamin,Muñoz,21900946,1997-05-14,6302
Rosario,Nessi,21414919,1998-08-22,3338
Axel Leonel,Maradona,24289275,1987-12-05,4811
Candela Abril,Sojero,23001320,1997-08-21,1568
Gonzalo Agustin,Jiménez,28824099,1995-09-17,7110
Rodrigo Nicolás,Abadía,38442071,1993-03-24,64
Thomas,Mancuso,26136317,1980-04-26,5751
Ana Clara,Farina,38846404,1998-04-22,1527
Fabricio,Salvador,20100041,1992-04-22,6682
Brisa Abigail,Rómulo,25048288,1985-12-02,2510
Axel,Nari,20442004,2004-01-16,1825
Maria Del Pilar,Rivera,32449295,1981-09-19,8742
Gianluca,Álvarez,31058428,2002-01-13,2939
Fermín,Valenzuela,32502787,1983-12-02,5576
Iara,Nessi,24252997,2001-08-08,2363
Tomas Gabriel,Mejía,20788979,1980-11-04,6153
Julieta Belen,Rosso,39734074,1999-08-22,7159
Lautaro David,Ramírez,37255627,1993-02-05,5333
Axel Fernando,Gonzales,39666840,1981-07-12,8883
Sofia Victoria,Nari,29281186,1983-09-21,8567
Ambar,Totora,39364522,1992-12-28,4541
Pablo Ezequiel,Zurich,34252773,1986-11-14,3417
Juan Andres,González,21117749,2000-06-09,3177
Ana Belen,Pereira,35647834,1999-12-13,2594
Sofia Aylen,Rómulo,22102549,1989-01-18,2699
Alan Gabriel,Ibáñez,25906353,1999-11-26,8812
Lucas Leonel,Espinoza,20653196,1994-05-16,2629
Maximiliano Ezequiel,Díaz,36353953,2001-10-02,2403
Camila Abigail,Mamani,32009418,2000-04-23,1963
Candela Valentina,Mamani,22168728,2003-07-19,7242
Nahuel Alejandro,Farías,25286912,1989-04-29,9583
Gabriel Agustín,Rivas,25003836,1988-08-12,8554
Benjamín Ezequiel,Leal,29080562,1983-03-22,2128
Matias Daniel,Rotman,33733173,1980-02-09,7066
Lucas Ariel,Zambrano,33063513,1987-04-23,2192
Tomas Ignacio,De León,37047493,1998-11-09,5469
Alan Ezequiel,Sosa,30181571,1989-01-06,9940
Sara,Marchi,30545016,2002-07-04,5198
Camilo,Nessi,39086953,1994-02-01,9743
Agustina Micaela,Gonzales,21550955,1981-03-14,2246
Facundo Daniel,Giordano,26729767,1989-05-14,339
Lourdes Valentina,Espinoza,34539505,1986-03-28,5875
Gaston,Mora,29613700,1982-08-19,2853
Francisco Javier,Rotman,36841893,1994-04-07,3707
Candela Milagros,Lorca,32004480,2002-06-20,3850
Sofia Milagros,Andrade,23659336,2003-11-01,8142
Maria Candela,Hernández,26736322,1987-11-11,9706
Lucas Emanuel,Gómez,38675505,1990-02-19,8007
Fernando Jose,Contreras,22888571,1995-06-26,561
Daniel,Pavón,38061156,1990-03-10,1470
Nazareno,Marini,25674442,1996-09-12,2188
Florencia Belen,Varela,35585257,1991-01-30,8730
Mateo Ezequiel,Pavón,32991874,1988-05-30,7682
Luciana Belen,Carranza,27530104,2000-05-04,9253
Benjamin Alejandro,Basile,26881039,1995-05-10,2339
Matias Ariel,Salem,23963219,2003-12-07,3424
Brisa Aylen,Fava,35908250,1994-09-22,5906
Santiago Alejandro,Rosso,28243558,1987-05-05,2258
Virginia,Flores,20152846,1991-03-30,4588
Facundo Ariel,Mamani,20335889,1989-11-14,5710
Martina Abril,Díaz,24132095,2002-03-27,1062
Tobias Ezequiel,Hidalgo,28887561,1983-02-04,6285
Macarena,Andrade,30099803,1992-08-06,7785
Ariana,Basile,37690071,1983-04-17,488
Thiago Gabriel,Galán,32827367,1982-07-13,8667
Lautaro Alejandro,Galán,23070863,1980-12-02,7565
Lautaro Uriel,Andrade,27981878,2002-04-02,3227
Ines,Raimundo,24171245,1996-08-15,3946
Ariel,Quispe,37020144,1993-09-22,3377
Maria Josefina,Mancuso,20805937,1982-07-20,82
Patricio,Huarte,20481316,2002-12-04,4981
Gonzalo Gabriel,Agüero,35132092,1996-11-18,690
Lucas Nicolas,Saldaña,24281928,1999-07-11,4374
Maria Fernanda,Flores,26325188,1990-07-11,8502
Rafael,Abadía,34696302,1996-12-29,3103
Rodrigo Nahuel,Goicochea,20595761,2003-05-24,1177
Luisana,Fava,20252884,1981-09-02,1734
Leonel Alejandro,Fazzi,23120019,1983-02-21,1804
Rocio Abigail,Amenedo,38051136,1994-12-20,6558
Gino,Basile,32235927,2004-02-22,5437
Joaquina,Gutiérrez,21086345,1982-07-03,1717
Marco,Carrizo,25934760,1981-11-01,7297
Lautaro Javier,Pineda,25082465,1992-12-15,9449
Celina,Reyes,33122309,1989-03-15,8564
Ludmila Aylen,Gutiérrez,35519724,1994-04-12,7911
Alexis Ezequiel,Goicochea,30086778,2000-03-14,4597
Thiago Joaquin,Surace,26033359,1980-02-02,2338
Alexis Gabriel,Rojas,25145497,2003-02-02,7064
Federico Agustin,Jiménez,20946572,1989-02-22,6086
Lara Valentina,Amenedo,34768463,2000-10-21,5716
Florencia Agustina,Rotman,37300860,1990-08-09,6286
Maria Pilar,López,37939042,1982-11-18,6740
Santiago Andres,Salem,21169693,1986-05-23,7146
Camila Milagros,Mejía,20065580,1991-12-23,6030
Franco Daniel,Gómez,33873836,1997-07-21,8994
Marcos Agustin,Mamani,32263915,1999-08-22,3374
Ana Lucia,Pinedo,29365298,1998-02-12,3205
Thiago Uriel,Fernández,29875209,1994-04-27,1069
Santiago Javier,Leiva,25659337,1982-10-12,2372
Marco Antonio,Farina,23951018,1983-11-16,3899
Ana Luz,Muñoz,30384080,1990-07-14,3931
Rodrigo Sebastian,Villalba,27797146,1987-05-01,341
Maria Paula,Maradona,28978229,1992-05-20,3949
Rocio Micaela,Rotman,21443108,1982-06-24,6448
Camila Abril,Surace,38661739,2000-12-23,7483
Milagros Guadalupe,Hoffmann,22249457,1996-04-21,7221
Valentina Magali,Andrade,35449156,2002-09-02,9302
Kevin Nahuel,Farías,37662197,1982-06-14,1562
Francisco Nicolas,Mejía,28133447,1992-10-19,887
Micaela Ayelen,Scanone,32294216,1983-09-10,2823
Maria Del Rosario,Scanone,28895274,2004-02-08,8638
Martin Nicolas,Vasile,23280674,1995-10-30,124
Federica,Galán,24904697,1991-10-30,726
Facundo Tomas,Duarte,21793220,2004-02-28,7048
Santiago Uriel,Rivera,37264868,1980-10-17,4562
Carlos Daniel,Sala,29891561,1991-09-19,6806
Lucas Sebastian,Demichelis,37380409,2003-08-14,2175
Axel Ezequiel,Flores,36038463,1988-06-07,3861
Mateo Joaquín,Farina,24807469,1988-10-11,6133
Leandro Ezequiel,Hernández,27702054,1994-08-08,6794
Ludmila Milagros,Sotomayor,20378703,2002-09-19,5600
Lautaro Ariel,Lorenzo,28557143,1983-02-01,9584
Diego,Rotman,29125887,1985-12-02,774
Julio Cesar,Mancuso,31102347,1990-01-11,8295
Vicente,Vargas,38892613,1990-08-06,7446
Francisca,Galán,24573061,2000-09-02,2117
Mariana,Pereyra,27124098,1982-01-16,8571
Luis Alberto,Borges,39534748,1991-11-04,5964
Rocio Ayelen,De León,36007163,1996-04-12,9580
Fernando,González,31603869,1981-01-31,984
Ema,Pinedo,33055341,2001-10-12,5723
Alexis Nahuel,Marino,38291744,1996-08-12,1920
Ignacio Ezequiel,Abadía,20232177,1985-06-06,4021
Milagros Lujan,Sala,23332630,1987-05-02,2040
Kevin Agustin,Pinedo,33453325,1984-04-19,7155
Facundo Leonel,Fernández,32231885,2004-04-08,2436
Abril Agostina,Rivas,36313849,1987-03-17,312
Maite,Castro,35826914,1989-05-02,5987
Sebastian Alejandro,Huarte,25841578,2003-12-15,2128
Dylan Ezequiel,Scanone,38118541,1984-09-22,2465
Maria Constanza,Farina,20473665,1989-10-30,4722
Maximiliano Gabriel,Pérez,20210537,1992-02-18,405
Daniela,Moreno,20979071,1982-04-18,7739
Lucas Benjamin,Andrade,21390179,1992-01-20,438
Lautaro Jesús,Delgado,34689629,1982-04-04,7914
Lucas Joaquin,Varela,37826187,1999-10-19,1099
Thiago Leonel,Arredondo,32130581,1983-05-11,9660
Axel Daniel,Pedone,24799436,1995-01-06,7061
Azul,Rotman,36443126,1998-09-29,1504
Sofia Abril,Arellano,26090387,1993-03-26,7697
Milagros Micaela,Marchi,32512640,1991-10-17,8914
Milagros Magalí,Reyes,20708346,1988-08-24,9874
Maria Lucia,Goicochea,30183270,1990-04-14,8213
Marcos Ezequiel,Salazar,26421668,1999-06-30,1587
Lucas David,León,28550843,1980-09-10,2108
Axel Agustín,Varela,26640934,1984-03-24,8825
Gonzalo Nahuel,Surace,25032883,1981-12-11,6448
Thomas Agustin,Carrizo,25468047,1992-12-26,9863
Franco Tomas,Quispe,25503213,1995-01-05,8927
Florencia Abigail,Scanone,29554690,1998-11-20,6719
Maximo Agustin,Jiménez,37173509,1982-03-22,3961
Camila Soledad,Benítez,32520611,2003-07-28,8574
Luciano Benjamin,Surace,26923329,1983-08-28,6223
Bautista Nicolas,Nessi,33957428,1984-12-08,7824
Fabrizio,Giménez,23197816,1981-02-28,5197
Alfonsina,Nave,23268207,1991-12-29,7173
Lautaro Exequiel,Vargas,35687427,2004-05-19,1913
Leonardo,Huergo,30090112,1999-02-07,1101
Mateo Valentin,Mancuso,22045020,1992-08-30,3451
Juan Agustin,Pereira,21568322,1981-11-27,9696
Brisa Ayelen,Ibáñez,24845786,1983-12-23,6050
Laureano,Scanone,22106768,1989-12-25,1709
Lautaro Damian,Salem,34851421,1995-05-27,1575
Leandro Nicolas,Borges,20601760,1982-12-12,5814
Matias Sebastian,Nave,22169761,1997-08-21,1731
Francisco Agustin,Pinedo,38847286,1991-06-13,3209
Carola,Sberna,29161419,1982-03-03,1820
Elias,Arredondo,36836248,1999-06-22,9680
Rocio Guadalupe,Hernández,38131460,1990-05-29,1433
Ignacio Benjamin,Andrade,38977498,1996-01-23,58
Maria Laura,Villalba,25219478,2003-03-30,8394
Facundo Emanuel,Contreras,36460492,2000-02-11,7075
Facundo Martin,Scioti,22101438,1986-05-20,3841
Pablo Agustín,Sosa,27402654,1980-05-29,1498
Agustina Milagros,Rivera,29733705,1994-02-14,5035
Valentina Jazmin,Pineda,25103719,1993-08-05,7988
Sofia Ailen,Rómulo,34602368,1984-02-17,1012
Florencia Magali,Pereira,26550139,1994-01-05,9395
Valentina Guadalupe,Mamani,20703156,1987-12-07,7029
Kevin Nicolas,Pereira,20466115,2001-02-28,9182
Ana Sofia,Ibáñez,32575667,1982-05-10,4886
Aylen,Fernández,26706867,1991-12-17,6423
Thiago Lionel,Nave,35062414,1999-08-28,670
Franco Emanuel,Salazar,32594411,1990-01-25,9752
Eugenia,Arredondo,29965608,1983-08-19,474
Rocio Magali,Martínez,38092998,1991-09-05,4534
Valentina Luján,Zambrano,33899482,2004-05-13,7837
Federico Nicolas,Rojas,24473509,1981-04-27,7174
Morena Abril,Rómulo,28314929,2000-05-23,3586
Candela Magali,Rivas,34855151,1998-09-22,4401
Aldana,Maradona,28656090,1982-11-26,5269
Elias Ezequiel,Rebollo,38537401,2002-08-28,7826
Tobias Benjamin,León,35134891,2003-10-24,7235
Leandro Agustin,Huergo,22916128,2001-08-15,8749
Tomas Nahuel,Rodríguez,27198129,1980-04-02,896
Esteban,Rotman,20399483,1984-06-30,4405
Tobias Agustin,Espinoza,33832654,1983-11-25,8416
Matías Emanuel,Arredondo,25648902,1989-12-10,2847
Lucas Santiago,Flores,38305950,1998-07-05,7175
Sofia Guadalupe,Sala,34385859,1989-03-30,7463
Ernestina,Agüero,20838658,1987-12-03,4844
Iñaki,Silva,38808496,2000-01-21,9587
Julieta Abril,Soto,23870720,1981-09-15,9665
Valentina Ayelen,González,20449214,1980-06-18,2991
Santino Nicolás,Santos,24899704,1984-02-02,5258
Cristian Gabriel,Rojas,39561881,1991-08-06,8355
Tatiana Abigail,Pereira,30631432,1999-02-24,6517
Giuliano,Sberna,30338598,2000-09-06,6779
Jose Manuel,Goicochea,36825733,1984-03-09,9174
Santiago Ivan,Borges,26754850,1995-01-29,9779
Rodrigo Agustín,Ramírez,39302579,1984-03-04,6527
Milagros Agostina,González,28438077,1981-01-17,7821
Ezequiel Alejandro,De León,20266587,1997-11-13,3615
Jeremias Ezequiel,Sala,28580288,2000-05-13,5019
Maria Agostina,Marino,25029343,1981-12-10,280
Nahiara,Marchi,24316015,1989-07-09,1034
Valentina Soledad,Pineda,32144945,1982-09-09,2422
Alan,Marini,38294238,1993-12-28,8086
Candela Agostina,Gutiérrez,39985901,1992-07-27,1897
Abril Milagros,Saldaña,20604373,1992-01-08,5891
Mercedes,Amenedo,30697058,1980-08-09,4246
Axel Nicolás,Casas,35097969,1994-08-13,5067
Santiago Jose,Hidalgo,39625128,1982-04-16,8867
Juan Pedro,Silva,23625524,2003-12-12,4964
Agustin Gabriel,Totora,35573859,1989-09-07,2269
Rocio Aylen,Varela,25874561,1993-02-08,1750
Carmela,Arellano,27959741,1985-03-30,8222
Joaquin Andres,Surace,37352202,1986-03-18,2260
David Ezequiel,Castro,21656114,1980-03-14,7456
Sofia Abigail,Varela,23826238,1997-11-29,622
Joaquin Gabriel,Fernández,25461504,1994-09-18,7303
Ludmila Magali,Basile,29000929,1986-03-08,7694
Francisco Jose,Sánchez,30587445,2001-01-22,9334
Nazarena,Rivas,34712486,1990-02-26,5336
José Antonio,Nari,29519228,1989-11-16,8879
Luis Miguel,Sánchez,26180288,1981-12-03,6083
Ivan Ezequiel,Zambrano,38474800,1995-03-01,2050
Agustina Soledad,Giordano,22461423,1992-10-11,239
Baltazar,Carrizo,36737588,1999-08-19,8810
Jonathan Ezequiel,Martínez,26943348,1993-10-08,3301
Teo,Borges,27512566,2003-04-07,4401
Sebastian Ezequiel,Sala,20601709,1983-01-01,1061
Tatiana Belen,Marini,25748303,1991-02-11,7568
Lautaro Lionel,Giordano,24062162,1996-08-22,4641
Angel David,Salvador,25949210,1983-05-23,196
Ignacio Martin,Sojero,23147335,2000-08-28,4356
Luis Alejandro,Fazzi,26316089,1980-05-05,8223
Priscila Ayelen,Nave,38086242,1983-10-14,354
Maria Candelaria,Rómulo,38232626,1997-01-29,9268
Rocio Valentina,D'Elia,35386318,1986-11-11,6577
Ramiro Agustin,Pereira,34629968,2004-03-23,1835
Alexis,Agüero,25034161,1996-11-26,1603
Jose Maria,Demichelis,27727011,2002-11-25,5279
Carlos Gabriel,Basile,36225368,2000-05-25,9919
Thiago Martin,Salamone,27175111,1984-03-18,9385
Bruno Nicolas,Basile,35926156,2000-05-18,7329
Luciana Valentina,González,38473550,1988-07-26,1499
Sofia Antonella,Castillo,36096201,1984-03-06,8165
Priscila Belen,Sosa,35567020,2001-10-15,8679
Uriel Alejandro,De León,29166713,1995-12-01,5631
David Alejandro,Reyes,29157247,1989-12-06,9650
Iara Valentina,Totora,23628012,1995-03-24,715
Priscila Aylen,D'Elia,23849867,1991-04-21,3079
Franco Sebastian,Fernández,28778813,1984-05-25,2778
Agustina Aylen,Morales,34459360,2004-02-11,910
Camila Ailen,Gonzales,27257864,1981-02-09,1905
Agustina Abigail,Huarte,31633823,1995-09-18,699
Dylan Gabriel,Rotman,29894134,1993-06-06,1921
Alejo Nicolas,Morales,30227485,1998-08-23,9094
Micaela Agustina,Salvador,29893577,1994-07-06,8679
Leandro Gabriel,Rivas,32855168,1999-02-28,4998
Dolores,Goicochea,20119915,1996-04-17,3285
Kevin Daniel,Pereyra,36672133,1982-06-24,2652
Maria Lourdes,Marchi,39428291,1991-09-11,8737
Elias Gabriel,Morales,29153635,1997-11-15,2460
Francesco,Vargas,38349300,1993-12-19,3734
Rocco,Huarte,20669325,2003-02-04,3560
Dylan Uriel,Hidalgo,21159560,1990-05-28,1469
Brisa Milagros,Maradona,28016336,1996-05-01,8252
Bianca Valentina,Duarte,26366909,1997-01-03,5781
Marcos Antonio,Castillo,22104244,1993-06-19,9219
Tomas Joaquin,Borges,26430603,2000-03-08,7132
Gonzalo Sebastian,Pereira,38970007,1983-11-21,4371
Tomàs Ariel,Pedone,20919803,1995-11-28,2206
Axel David,Nessi,33590276,1998-06-15,4684
Agostina Belén,Benítez,27989506,1991-07-20,9465
María Magdalena,Moreno,20982503,1988-07-21,4065
Lourdes Abril,Pereira,27854490,1998-07-21,1139
Juanita,Farina,33786030,1982-12-21,9765
Agustina Ayelen,Sojero,20283442,1999-07-10,4339
Geraldine,Casas,24339583,1986-10-23,931
Irina,Saldaña,27754852,1985-02-23,356
Ramiro Nicolas,León,33524997,1986-06-25,7075
Mateo Gabriel,Casares,20791332,1999-12-25,4625
Milagros Anahi,De Luca,28174211,2004-03-22,7776
Iara Abigail,Marchi,26341600,1982-04-17,6912
Candela Jazmin,Fernández,34416903,2001-05-02,7151
Bruno Ezequiel,Surace,21553590,1980-12-20,1112
Brisa Magalí,Basile,34250345,1984-09-15,3035
Francisco Tomas,Basile,20789179,1990-01-08,3519
Tomas Emanuel,Carrizo,21029211,1994-09-07,557
Joaquin Uriel,Sánchez,34112282,1981-07-31,7035
Maria Delfina,Muñoz,26375408,1990-02-04,6791
Barbara,Salem,21329172,2001-08-17,5812
Santiago Ismael,Gómez,28230599,2001-02-04,5815
Tobias Uriel,Raimundo,31984526,1995-04-24,8382
Ludmila Abril,Agüero,35681689,1994-11-30,2428
Leandro Nahuel,Sánchez,34987759,1988-06-02,2931
Cristian,Mejía,25367031,1985-10-12,3702
Julieta Magali,Pereyra,33164547,1982-10-28,3759
Fátima,López,27756455,2001-05-10,972
Facundo Sebastian,Castro,30830548,1998-08-13,5988
Gianfranco,Casares,32221356,1991-07-15,1097
Fernando Gabriel,Totora,38224134,1984-08-01,7314
Thiago Tomas,Delgado,25466257,1984-09-09,5273
Alejandro Gabriel,Giménez,37086404,1992-12-30,3565
Sofia Agustina,Varela,24670953,1981-08-04,3589
Agustina Abril,Mejía,20790390,1995-10-25,4222
Lucia Milagros,Sberna,24094551,1991-05-24,2539
Maia Valentina,Giménez,22121492,1982-12-13,8535
Araceli,López,33778883,1981-05-07,6249
Agustina Magali,Pavón,28784441,1999-01-02,1756
Morena Abigail,García,30041886,1985-04-08,7825
Gonzalo Daniel,Casares,34575873,1994-10-31,30
Faustino,Marini,29917252,1982-08-06,7735
Valentina Micaela,Casas,23946706,1995-08-27,5114
Ignacio Valentin,Ramírez,20307129,2002-12-19,4300
Maria De Los Milagros,Gutiérrez,38625427,1995-08-24,4770
Brian Nahuel,Contreras,25369752,1992-01-13,3416
Lautaro Andrés,Demichelis,20557207,1983-06-09,2175
Dylan Agustin,Rotman,39535687,1991-09-28,6234
Fernando Ezequiel,Díaz,27111078,1995-11-18,573
Lucas Alejandro,Díaz,25596948,1986-04-28,6267
Milagros Antonella,Quispe,24791868,1988-06-26,7488
Alan Nahuel,Arellano,24847400,1988-11-18,8770
Tobias Nahuel,De León,31426651,1984-07-05,398
Joel,Vasile,34555449,1995-11-16,2159
Lucca,Casas,20640284,1982-03-16,3794
Martin Ignacio,Maradona,27085488,2002-01-16,8080
Matias Joaquin,Gutiérrez,34879049,1998-08-15,1623
Nahuel Ezequiel,Delgado,23486264,1993-12-30,4850
Milagros Rocío,Sojero,37781155,1986-09-12,7145
Alejandro Ezequiel,Sorbera,39906878,1998-01-18,3291
Valentina Ailén,González,22562630,1983-01-24,8454
Alejandro Daniel,Sánchez,39196330,1984-04-03,5471
Zoe Valentina,Carranza,36467830,1989-11-29,1611
Maximo Alejandro,Portillo,34745317,1991-12-11,4076
Pablo,Goicochea,34719729,1991-11-12,3972
Luciano Joaquin,Santos,34216168,1991-11-21,8055
Ludmila Ailen,Rojas,24614323,1982-11-13,9419
Brisa Valentina,Salamone,30279688,1991-08-01,1899
Enzo Gabriel,Sojero,24266886,1991-09-15,2912
Estefania,Pedone,25177054,1995-04-20,8134
Maria Sofia,León,28306631,1985-03-22,5873
Kiara Abigail,Saldaña,31092229,1981-06-20,9744
Thiago Sebastian,Rotman,28125910,1990-11-24,7097
Ivo,Amenedo,22375862,1985-08-12,6558
Brenda,Leiva,35662674,1983-03-17,9070
Florencia Valentina,Santana,20183531,1996-08-28,6911
Pablo Nicolas,Hidalgo,36370552,2002-10-04,390
Juan Antonio,Zurich,35932673,1990-06-29,6541
Brian Nicolas,Rotman,22291886,1998-11-25,2318
Leon,Pineda,29825733,1992-10-07,6975
Gonzalo Martín,Leal,39079782,1995-02-06,2084
Alejo Benjamin,Leiva,30064128,1985-10-14,993
Javier Alejandro,Nave,35985863,1994-11-15,4791
Alexis Nicolas,Huarte,29256734,1992-01-28,6367
Ana Victoria,Nave,28084932,1994-03-09,7045
Maria Clara,Sorbera,34530481,1996-06-22,1562
Jorge Luis,Espinoza,35204681,1995-03-06,3302
Maximiliano Agustin,Pineda,25202597,1988-07-18,9801
Ignacio Tomas,Goicochea,36294319,1981-09-13,4446
Ramiro Ezequiel,Demichelis,33064802,1981-12-25,7844
Santiago Manuel,D'Elia,28573073,1986-05-11,9755
Candela Aylen,Flores,35525830,1988-11-13,6918
Serena,Zurich,35311268,1985-05-03,4331
Selene,Mamani,24909649,1999-01-29,8334
Stefano,Vasile,32622799,2000-04-17,1746
Ismael,Pereira,23365988,1992-11-26,5338
Priscila Magali,Mora,24566949,1999-08-21,2507
Helena,Nave,33812116,1988-10-11,9194
Ana Maria,Agüero,24711594,1984-11-23,8812
Miranda,Agüero,33665383,2000-10-18,4254
Tobias Nicolas,Totora,25722391,1999-05-16,401
Jorge Daniel,Mamani,35945467,1987-07-26,9200
Benjamin Nicolas,Espinoza,33040373,1986-05-15,1590
Bautista Benjamin,Fazzi,37322937,2004-01-28,6074
Santiago Sebastian,Borges,27364200,1993-11-27,7441
Valentina Nicole,Díaz,24093317,1991-03-16,4340
Ana Valentina,Sánchez,24232735,1989-02-27,1551
Martin Gabriel,Huergo,31481363,1997-11-25,4654
Morena Valentina,Mancuso,22173148,1999-09-04,2277
Joaquin Leonel,Nave,34292849,2004-08-05,1387
Lucía Magalí,Morales,39535908,1998-09-06,6657
Matias Ignacio,Maradona,37183461,1994-11-24,6233
Ignacio Sebastian,Duarte,23816229,1984-01-26,456
Santiago Jesus,Gutiérrez,38012078,1988-03-29,7846
Federico Ezequiel,Schapira,35389884,1998-11-19,9547
Marcos Daniel,Loreto,23080563,1998-11-29,2129
Mauricio,Rodríguez,29791318,1985-05-29,9176
Gabriel Nicolas,Espinoza,25988152,1986-09-29,6412
Nicolas Martin,Huergo,26316428,1999-03-08,8060
Samuel,Pereira,39743487,1995-04-15,3817
Santiago Lionel,Borges,26359256,1993-12-26,8345
Agustin Emanuel,Zambrano,34954597,1986-01-08,461
Tiago Nicolás,De León,26627792,1982-09-08,6160
Camila Rocio,Loreto,25987901,1996-05-25,1013
Diego Agustin,Fava,23666998,1987-06-10,6726
Marcos Nahuel,Scioti,39287881,1996-04-22,9842
Kiara Valentina,Mariani,35378622,1985-03-09,1376
Joaquin Sebastian,Sotomayor,37918037,1996-11-07,4093
Milagros Jazmin,Sojero,22831324,1983-11-30,649
Diego Alejandro,Nave,34262984,1981-10-13,7443
Rodrigo Gabriel,Scioti,39419399,1998-06-03,1372
Gonzalo Joaquin,Huergo,39746292,1988-04-08,4810
Tiago Benjamin,Ramírez,30419806,1983-01-01,648
Facundo Benjamin,Amenedo,33105923,1986-07-21,5695
Antonella Belén,Ibáñez,24241142,2001-09-28,695
Emilio,Leiva,38877506,1984-05-03,1119
Ignacio Nahuel,Carrizo,28911223,2003-07-24,1199
Alan Leonel,Contreras,21093504,1999-06-08,742
Julieta Abigail,Silva,34539714,1982-12-31,9579
Maria Isabel,Salamone,23811881,1984-03-30,5025
Ana Gabriela,Casares,21741218,1987-03-25,5807
Sofia Ayelen,Castillo,35892724,2001-08-21,5044
Gianella,Rodríguez,29762756,1999-05-10,1487
Juan Segundo,De León,34884042,1986-06-02,8805
Ailen,Varela,30199790,1986-02-24,7710
Jonathan,Pereira,27097537,1982-12-13,5858
Alex,Farina,20367157,1989-05-15,5355
Sol Agustina,Nave,33359154,1998-01-22,2803
Tiago Agustin,Schapira,21957351,2000-09-25,5819
Ariadna,Rebollo,24274627,2001-09-03,8621
Kiara Aylen,Rómulo,36259497,1999-12-26,4094
Javier,Delgado,29436412,1982-10-25,5362
Cristian Ezequiel,Mamani,22432452,1998-09-28,9879
Daniel Agustin,Muñoz,30297616,2001-12-23,3812
Juan Roman,Sotomayor,27449972,2003-07-06,4068
Leonardo Gabriel,Rotundo,26963245,2003-10-23,3566
Gonzalo Emanuel,Álvarez,30043652,1984-11-25,5091
Maximo Gabriel,Flores,36982818,1990-07-22,5014
Miguel Alejandro,Vasile,30143638,1982-10-17,8786
Gastón Ezequiel,Farías,38944170,2002-06-29,5288
Rodrigo Emanuel,Rotman,39135113,1985-09-06,4944
Lucas Valentin,Pinedo,39190877,1984-06-24,9630
Brenda Magali,Hidalgo,37443447,1983-10-14,78
Lucas Matias,Sojero,21730071,1986-09-26,7883
Fernando Agustin,Sojero,23030300,1996-02-12,4140
Gonzalo David,Rivera,39252722,1998-08-01,3771
Lucas Ivan,Rivas,24706141,2003-09-26,2417
Joaquín Emanuel,Portillo,22108185,1986-06-29,3959
Francisco Gabriel,Salvador,28216401,1989-06-22,2641
Tiago Nahuel,Lorenzo,35450389,1987-05-02,1384
Ezequiel Agustin,González,23919731,1997-12-16,4253
Cristian Daniel,Carrizo,36236184,1987-06-11,6532
Valentina Nahir,Benítez,36894613,1997-11-12,3319
Rocio Ailen,Gómez,39024196,1998-07-12,2256
Valentina Sofia,Arredondo,21837059,2001-04-18,2703
Tomas Leonel,Santana,38385438,1991-08-11,9063
Agustina Ailen,Varela,35173312,1984-09-08,1212
Lucia Valentina,Pereyra,25011413,1981-09-21,5180
Victoria Belen,Sberna,26459446,2001-02-08,6325
Iara Belen,Marín,23014361,1992-12-19,3457
Kiara Belen,Valenzuela,39798408,1986-09-08,2594
Antonio,Sotomayor,25327731,2001-10-13,633
Lautaro Joel,Gutiérrez,36855672,1981-11-20,7302
Jonathan David,Salamone,38305295,1996-12-18,3539
Luciano Nahuel,Marino,24643424,1998-10-21,6565
Renzo,Leal,32170627,1987-08-09,1845
Camila Antonella,Mamani,30680192,1982-01-13,5092
Leonardo Ezequiel,Duarte,34965971,2000-07-06,3601
Cristian Ariel,Goicochea,20688026,2000-09-29,4746
Brisa Abril,Salvador,39790614,1999-08-15,8380
Lourdes Milagros,Hernández,21018560,1993-04-23,7304
Jimena,Marchi,29540348,2000-11-03,5513
Lautaro Ismael,Gómez,37251967,1996-01-25,1366
Micaela Abigail,Pereyra,38443221,1982-10-19,1123
Alexis Daniel,Rebollo,36344726,1987-01-27,1154
Luna Morena,Nessi,32702013,1990-10-09,3783
Mauro Ezequiel,Borges,28273601,1983-01-30,1963
Lourdes Abigail,Santana,22981870,1980-11-28,8578
Agustin Ariel,Rotundo,23064602,2004-05-21,7595
Joaquin Tomas,Villalba,32974907,2000-03-14,9111
Franco Ariel,Contreras,21374639,1987-09-19,7510
Ariana Abigail,Andrade,37799982,1991-05-05,160
Pablo Gabriel,Pinedo,36538611,1982-01-06,9846
Lautaro Ivan,Huergo,33703953,1997-01-25,2746
Thiago Alejandro,Sberna,34215752,1982-11-30,7506
Facundo Javier,Raimundo,31806751,1982-07-05,7089
Santiago Matias,Muñoz,27271577,1995-01-29,8852
Axel Joel,Basile,37085637,1981-04-29,1797
Franco Valentin,Schapira,34497909,1984-10-18,3149
Jose Gabriel,Duarte,37556508,1994-10-14,254
Valentin Ezequiel,Sorbera,31362744,1991-11-03,3987
Facundo Alejandro,Gonzales,30974913,2002-09-12,5042
Luciana Abigail,Flores,23347788,1988-10-26,3509
Mariano Agustin,Schapira,28600513,1983-09-08,8503
Brisa Ailen,Mejía,33042568,1989-08-30,9936
Milagros Lucia,Rebollo,23610173,2004-03-30,4819
Ivan Alejandro,Scanone,21254486,1995-09-15,5046
Nicolas Ariel,Leiva,22305297,1982-04-11,4327
Lucas Ignacio,Totora,28155215,1982-05-12,5725
Alejo Agustin,Rodríguez,23917790,1981-10-12,4352
Sol Valentina,Huarte,31314946,2000-05-24,4710
Priscila Abril,Rivera,36736495,2000-02-22,778
Luka,Marino,29792672,1995-02-26,476
Mauro,Carrizo,20775336,1991-02-05,172
Facundo David,Castillo,33914418,1986-05-17,7230
Agustin Sebastian,Villalba,36166737,1999-04-24,694
Jonathan Gabriel,Marchi,21155492,1989-11-22,3379
Kevin Leonel,León,24795499,1991-07-19,1260
Camila Valentina,Fornerón,33478063,1996-01-14,5171
Agustin Nahuel,Santos,24330912,1984-08-30,7408
Tobias Valentín,Maradona,20580975,1983-06-26,4984
Brisa Antonella,Jiménez,30390484,1992-04-02,1873
Gregorio,Sorbera,35386711,1987-10-13,4040
Donato,Lorenzo,30820448,1987-12-07,1819
Axel Ariel,Valenzuela,21443806,1980-11-16,3163
Martina Guadalupe,Sotomayor,23396541,1980-01-03,493
Melany,Sala,27035754,1981-11-01,3189
Maria Alejandra,De León,36371649,1985-02-03,2222
Pablo Sebastián,Amenedo,35555397,1983-10-06,9768
Gabriela,Pereyra,38701529,1986-12-20,422
Agustin Tomas,Sberna,33379683,1998-03-01,7212
Abril Micaela,Jiménez,32855591,1996-02-11,471
Valentin Nicolas,Salazar,34522759,1994-04-05,9166
Camila Victoria,Vasile,24122909,1982-01-18,3725
Diego Ezequiel,Gonzales,36777249,2002-07-10,7785
Enzo Nicolás,Villalba,31102436,1997-11-29,2832
Elias Benjamin,Huarte,34628497,1985-07-21,8718
Maximo Nicolas,Nari,27579241,1981-08-07,144
Camila Guadalupe,García,26206604,1996-05-11,3669
Berenice,González,27821194,1998-02-11,2267
Luciano Martin,Leal,37103100,1995-06-03,1027
Valentina Pilar,González,28867506,1999-05-08,261
Brisa Agustina,Rivera,34578810,1981-01-06,2246
Franco Martin,Mancuso,30214865,1980-03-28,5248
Kevin Uriel,Sberna,36651476,1980-04-24,9448
Lucas Tomás,Pinedo,27075437,1981-06-30,1387
Dylan Nahuel,Sorbera,37327873,1986-03-21,8477
Marcos David,Ramírez,21270379,1992-04-29,8833
Brisa Belen,Fernández,38229395,2003-07-02,4275
Federico Gabriel,Leal,35462935,1996-10-19,3192
Mirko,Hernández,30832297,1988-07-16,6527
Tiago Ezequiel,Nave,25744064,1988-05-31,129
Natalia,Giménez,23850651,2002-12-04,8909
Matías Javier,Salvador,30083600,1980-04-19,4582
Ariel Alejandro,Marini,35434221,1987-06-03,5765
Solana,Morales,39830333,2002-08-13,4242
Milagros Celeste,Rivas,39007569,1987-04-12,8893
Luz,Fava,37665721,2002-07-14,6315
Mia Abril,Díaz,33659147,1983-08-30,6619
Facundo Manuel,Rotman,30958516,1982-10-29,8685
Guido,Huarte,27454607,2001-11-24,8660
Adrian,González,32869643,1995-04-18,8737
Luciano Andres,Castro,27921788,1999-05-08,7626
Milagros De Los Angeles,Moreno,31644156,1995-10-15,4570
Candela Lucia,Pavón,26372970,1997-02-05,1450
Nahuel Nicolas,Morales,39744907,1987-05-23,2948
Kevin Gabriel,Leiva,28266890,1985-09-23,7852
Gonzalo Benjamín,Raimundo,25093124,1996-05-23,9220
Cristian David,Fava,25358798,1986-05-01,6454
Agustin Ignacio,Marino,26928586,2004-05-08,2180
Lucas Damian,Gonzales,29444476,1986-10-19,3412
Carlos Alberto,D'Elia,21444976,1996-01-13,8616
Juan Daniel,Ramírez,26621838,2001-09-18,420
Elena,Lorca,22743682,1986-09-18,8473
Kiara Agustina,Nari,39211610,1988-10-11,846
Matilda,Casares,27067929,1990-08-01,5196
Abril Antonella,Ramírez,23779779,1997-02-06,2371
Lionel Agustin,Martínez,32599897,1999-04-22,3585
Segundo,Quispe,25596303,1983-02-06,5220
Angela,Marino,28477780,1998-10-29,6502
Rocio Abril,Santana,22525117,1999-07-24,669
Daiana,Pavón,33363334,2000-03-26,6691
Axel Maximiliano,Pedone,32266796,1984-04-14,9722
Alan David,Galán,21786077,2003-08-15,7778
Florencia Micaela,López,25736295,1999-10-16,8234
Diego Nicolas,Saldaña,20212194,1984-11-12,1063
Mauricio Nicolas,Delgado,39799097,1989-04-13,563
Priscila Milagros,Lorca,23629085,1994-12-14,2148
Maria Catalina,Rosso,35779635,1990-09-07,9099
Axel Javier,Díaz,35339120,1988-04-21,6729
Victoria Valentina,Contreras,30140766,1989-11-30,8944
Martiniano,Reyes,26627069,1992-02-21,6383
Juan Diego,Arredondo,37370516,1997-01-24,8917
Diego Armando,Leiva,36579260,1984-08-30,4449
Agustin Maximiliano,Sotomayor,33907740,1985-11-04,9696
Maria Trinidad,Marini,28225584,1993-01-11,727
Margarita,Mejía,29696386,2001-04-21,3565
Evelyn,Flores,25900439,1993-11-25,3183
Diego Martin,Soto,29346937,1991-08-12,4984
Alexis Sebastian,Delgado,30560726,1999-09-07,6230
Priscila Jazmin,Leal,27389692,1980-07-30,4908
Julieta Agustina,Rotman,25563923,1980-04-27,8485
Brenda Abigail,Álvarez,27420447,1995-06-01,374
German,Basile,27054870,1988-04-17,9331
Axel Rodrigo,Amenedo,23650002,1992-09-08,4370
Kevin Joel,Rosso,27822538,2002-06-13,3124
Micaela Soledad,Farina,22981435,1999-08-30,8779
Jose Fernando,Sotomayor,21555420,1998-09-07,8533
Francisco Ezequiel,Scioti,37489366,1989-05-16,8742
Franco Javier,Hoffmann,21550642,1990-10-21,2660
Federico Nahuel,Castro,22975875,1991-07-12,3766
Kevin Alejandro,Pereyra,35290991,1986-04-09,1440
Nicolas Daniel,Demichelis,22778475,1989-07-09,3455
Priscila Ailen,Portillo,27099641,2001-07-14,7871
Maria Elena,Hernández,22068901,1984-02-20,2698
Cristian Alejandro,Flores,33670155,2001-04-07,862
Celeste Milagros,Totora,27671840,1982-01-03,6595
Priscila Nicole,Reyes,38553261,2001-03-24,4632
Maximo Joaquin,Castillo,26119260,2001-04-19,243
Micaela Aylen,Raimundo,21797468,1994-03-06,2473
Ezequiel Nicolas,Mamani,24765846,1986-08-13,1620
Rocio Jazmin,Fazzi,27298764,1980-02-08,651
Candela Guadalupe,Pereyra,22175545,2002-04-07,9619
Franco Lautaro,Muñoz,35543638,2003-01-19,7046
Maria Mercedes,Gonzales,29339405,1988-03-28,7780
Axel Sebastian,Pereyra,29496015,1982-01-19,2870
Kevin Ariel,Nari,23351142,1992-01-19,3573
Candela Ailen,Contreras,39502006,1989-05-12,9278
Brandon Ezequiel,Basile,31889802,1990-07-16,7678
Juan Ramon,De Luca,35941706,1990-06-12,1766
Angeles,Sala,26333716,1998-02-16,6632
Axel Benjamin,Leiva,29264537,1997-07-06,3669
Faustina,Marini,32806232,1994-10-14,1039
Axel Emanuel,Mancuso,38048147,1992-06-29,2082
Alina,Pavón,21058554,2002-08-30,5536
Paula Valentina,García,20767979,1995-05-01,8291
Thiago Daniel,Mora,28949856,1993-07-04,7779
Sabrina,Mejía,32339822,1990-03-07,8087
Nicolas Nahuel,Rojas,31920734,1980-08-02,8392
Pablo Daniel,Loreto,37400329,1991-12-20,6022
Nicolas Andres,Loreto,36463623,1995-02-14,7089
Maria Antonella,Nari,28327289,2004-06-30,9540
Martina Pilar,Gómez,38146790,1986-08-28,4064
Bautista Ezequiel,Fornerón,22779378,1999-12-15,7259
Lara Agustina,Marín,21714518,1988-07-22,4257
Joaquin Ariel,Delgado,26870071,2003-01-21,6620
Tomas Uriel,Santana,33245322,1989-11-29,5830
Lautaro Maximiliano,León,36816893,1985-11-11,6328
Santiago Román,Valenzuela,21718771,1988-07-08,9278
Valentina,Ramírez,33816104,1997-01-18,3749
Santiago,Nave,20347157,1995-06-19,6180
Martina,Marini,27770270,1989-05-31,1740
Joaquin,Totora,39541076,2001-07-09,2963
Juan Ignacio,Silva,30319063,1991-09-28,9827
Sofia,Huarte,32357922,1999-08-31,5644
Tomas,Marín,32845464,1999-10-29,1240
Bautista,Carranza,39282890,1980-04-09,422
Mateo,De Luca,31727462,1988-03-13,6872
Catalina,Rotman,36378811,1993-05-15,9604
Benjamin,Castillo,36672970,1983-04-28,8095
Agustin,Ibáñez,20670902,1983-05-08,996
Santino,Abadía,25122073,1982-07-02,7541
Juan Cruz,Sojero,35479112,2001-07-11,1804
Camila,Benítez,21946201,2002-07-14,3837
Francisco,Rosso,24274119,2003-02-04,7449
Ignacio,Rotman,31594800,1992-12-21,5753
Lautaro,Gómez,30344309,1999-05-07,8387
Juan Pablo,Sala,25689234,1996-07-26,1496
Valentino,Saldaña,21817691,1992-09-27,5491
Lucia,Álvarez,38779476,1991-07-07,607
Delfina,Sorbera,32273630,1994-12-08,4533
Agustina,Arellano,39222837,2001-07-10,9656
Abril,Morales,33750632,1995-07-21,8584
Victoria,D'Elia,38931936,1983-11-12,5488
Guadalupe,Muñoz,33270399,1999-05-16,2126
Nicolas,Rosso,27109721,1991-11-05,9368
Valentín,Varela,25743580,1981-04-26,2737
Julieta,Sala,26219852,1994-03-14,7042
Morena,Agüero,39522917,1995-01-31,5105
Candela,Mejía,30832347,1982-10-30,7254
Milagros,Mancuso,36252327,1984-05-16,3986
Facundo,Ramírez,34644639,1983-02-25,8016
Matias,Vera,39811545,1984-02-09,6287
Maria Victoria,Godoy,39613062,1990-02-01,453
Josefina,Godoy,34055912,1996-09-30,8212
Franco,Vargas,37032165,1991-03-19,4173
Juan Manuel,Espinoza,34225644,1987-02-01,1972
Felipe,Flores,35171111,1991-05-02,4698
Juana,Leal,27569431,1984-07-06,4255
Lucas,Marín,25229257,1995-12-13,406
Maximo,Zurich,21790959,1994-08-09,9265
Pilar,Reyes,32154806,1996-09-22,1383
Juan Bautista,De León,32122299,1991-07-23,5318
Lautaro Ezequiel,Sánchez,31875649,2003-02-19,8429
Thiago,Nessi,28908924,1986-05-18,2967
Malena,Rotundo,32700024,1988-10-26,3586
Lola,Mejía,32986894,1981-08-01,4810
Mia,Jiménez,33313112,1986-01-14,1327
Santiago Nicolas,Jiménez,29454356,1985-12-17,2792
Matias Ezequiel,Mariani,24953080,1980-04-09,7462
Martin,Contreras,31733529,1989-08-15,6094
Ana Paula,Villalba,27447932,1992-05-21,6535
Tomas Agustin,Rojas,36244519,1989-08-31,7419
Manuel,Portillo,24143643,1994-01-19,7734
Agostina,Silva,28750024,2003-12-15,1683
Ramiro,Fornerón,27248799,2002-12-17,9219
Constanza,Salvador,27868142,2000-05-09,8007
Maria Belen,Rotman,20145544,1992-02-24,9216
Luca,Sberna,21309167,1992-01-06,1365
Bruno,Álvarez,30517796,1993-04-16,557
Micaela,Rojas,34254098,1999-11-09,970
Lara,Galán,29628009,2002-02-12,307
Federico,Surace,34862134,1998-12-25,4567
Lautaro Agustin,Fazzi,36405338,1990-09-25,596
Julian,Nave,22693398,1983-12-10,4403
Lautaro Nicolas,Benítez,37596324,1995-11-14,5094
Bianca,Pinedo,36160531,1992-04-09,2888
Tobías,Gutiérrez,26834274,1990-12-21,8808
Renata,Nari,34698109,1983-02-08,7821
Pedro,Duarte,29448628,1992-10-16,5527
Gonzalo,Fernández,24436105,1986-08-04,279
Sofía Belén,Espinoza,32875152,1990-12-04,7450
Lautaro Benjamin,Agüero,39322236,2001-05-03,5601
Florencia,Gonzales,21129567,1989-05-06,3891
Juan Gabriel,Flores,21776206,1991-07-21,3709
Rocio Belen,Lorenzo,27150737,1985-01-29,5666
Lautaro Nahuel,Rebollo,26267543,1997-05-09,948
Miguel Angel,Rotman,35628519,1987-07-02,375
Santiago Agustin,Casas,21166459,1989-09-10,7216
Sebastian,Mariani,32549186,1994-03-29,8389
Emilia,Reyes,39685882,1992-07-25,3246
Jazmin,Giordano,27494048,1985-11-10,6450
Clara,Salazar,36735912,1987-12-28,2508
Camila Belen,De León,31431504,2004-07-04,2937
Jeremias,Ramírez,37412325,1983-08-31,3800
Mora,Vargas,26734198,1993-09-26,1332
Luciano,Sberna,24686844,1995-11-25,6471
Alejo,Rojas,29150458,1988-11-13,668
Julia,Moreno,26809627,1982-12-08,2854
Maria Valentina,De León,35311753,1998-09-13,5247
Rocio,Jiménez,27036062,2004-01-12,76
Antonella,Leiva,32398633,1997-06-28,7441
Simon,Agüero,37929330,1982-09-04,8821
Maria Sol,Sorbera,22479180,1983-10-15,8627
Lucas Ezequiel,Loreto,36891837,1999-07-09,2663
Maria De Los Angeles,Nave,33081323,1996-08-25,625
Guillermina,Santos,32986461,1990-06-12,6923
Valentina Abril,Espinoza,31631155,1985-04-26,3639
Matias Nicolas,Borges,26108142,1993-08-19,4214
Paloma,Pineda,29493471,1986-01-18,8505
Maria Emilia,Quispe,27995630,1996-04-10,7174
Juan Martin,Abadía,32132020,1982-05-26,3094
Ezequiel,Demichelis,36621541,2000-03-20,664
Facundo Nicolas,Díaz,25828400,1988-05-08,9916
Paulina,Santana,33745366,1994-09-25,6186
Maria Jose,Gómez,26307113,2003-03-02,6726
Juan David,Marchi,33828362,1987-04-30,6528
Lautaro Gabriel,Giordano,21796278,1988-03-13,8378
Juan Jose,Schapira,29961182,2002-04-05,6980
Tiziano,Scioti,21369322,1992-08-02,4454
Lorenzo,Zambrano,26910281,1981-01-14,7252
Santiago Ezequiel,Farina,29021976,1980-06-12,5521
Maria Luz,Muñoz,28464743,1982-07-13,9253
Lourdes,Andrade,21215644,1994-03-21,391
Agustin Ezequiel,Raimundo,27897975,1982-07-12,1282
Angelina,Huarte,29959892,2003-06-25,7741
Ludmila,Rebollo,21283548,1996-06-26,6870
Maria Paz,Gómez,36614069,1983-01-06,2654
Priscila,Ramírez,37364870,1983-01-23,7054
Milagros Belén,Godoy,35701349,2002-05-27,2627
Marcos,Arellano,22943642,2003-03-20,8901
Nahuel,D'Elia,37989492,2000-05-08,8336
Milena,Huarte,39888330,1998-08-07,8319
Luciana,Vera,35115231,2000-06-12,8253
Agustina Belen,Pereira,36964194,1993-05-21,2816
Tomas Ezequiel,López,36866560,1982-07-01,4377
Nicolas Agustin,Amenedo,28866656,1982-11-09,6766
Giuliana,Nessi,26154924,1996-10-07,7885
Santiago Gabriel,Giordano,38787961,1984-11-09,4678
Juliana,Salem,36176266,2003-01-10,5690
Ivan,Totora,38341865,1988-07-27,7482
Maximiliano,Salem,29673954,1981-04-01,6513
Maria Guadalupe,Schapira,25863283,1995-11-04,9035
Isabella,Marino,31949342,1980-01-18,6169
Santiago Tomas,Mora,24042384,1986-12-30,4691
Angel Gabriel,Flores,39796096,1980-05-04,3934
Jose Luis,Muñoz,22187520,1996-05-04,5879
Santiago Nahuel,Valenzuela,39584869,1999-06-22,8883
Gabriel Alejandro,Abadía,22252186,1999-02-27,8924
Tiago,Muñoz,30965865,1989-12-20,8701
Joaquín Ignacio,De Luca,23379095,1999-06-14,3695
Carolina,Totora,21451130,1987-03-06,4337
Candelaria,Casares,26168082,1984-05-15,328
Octavio,Marín,37593210,1990-03-30,1187
Jose Ignacio,Rivera,21643292,1988-08-15,4313
Sol,Abadía,22266115,1983-07-11,6386
Juan,Arellano,31250600,1998-07-08,2628
Lucia Belen,Rotundo,25608320,1989-05-27,4324
Dante,Rodríguez,28851531,1988-12-09,9632
Franco Ezequiel,Fazzi,35184028,1987-01-08,4134
Lucas Gabriel,D'Elia,31956747,1988-04-01,8038
Lautaro Joaquin,Salvador,21243877,1991-04-10,257
Juan Francisco,Marín,22373413,1981-01-03,2610
Geronimo,Sánchez,22407484,1995-12-12,7922
Emiliano,Salem,29916380,2004-07-17,1810
Emma,Salem,22107303,2002-08-09,3598
Gabriel,Silva,37625725,1987-05-26,2491
Maria Agustina,Vargas,24237248,1989-12-18,1850
Agustin Nicolas,Schapira,39962085,2002-02-01,6297
Olivia,Pavón,25753704,1994-01-05,930
Rodrigo Alejandro,Morales,29505023,1998-12-02,2827
Nicolas Ezequiel,Arredondo,39592624,1982-09-07,1116
Maria Eugenia,Santana,37069610,2002-05-20,1553
Joaquin Ezequiel,Huergo,24259928,1984-02-28,7674
Lautaro Daniel,Vargas,22797761,1995-10-03,8998
Juan Carlos,Pineda,37102993,1984-07-30,7672
Maia,Carranza,37740535,1992-09-10,409
Milagros Valentina,Giordano,27377961,1987-10-25,948
Milagros Abril,Marchi,22508766,1981-08-03,4447
Franco Agustin,Pérez,36662482,1986-04-03,840
Brisa,Nave,27726728,1984-03-01,8671
Leonel,Salazar,26045936,1998-11-08,7738
Zoe,Hernández,38335150,1998-05-04,3405
Augusto,Fazzi,22310483,1982-07-04,5828
Lisandro,De León,27993884,1990-06-22,9756
Abigail,Vasile,22618906,1981-10-04,7173
Lucio,Leal,31224585,1988-03-14,1810
Alma,Farina,27121668,2000-03-15,5551
Amparo,Marín,20640877,1994-06-08,5217
Facundo Ezequiel,Rebollo,32469724,1980-03-24,6262
Salvador,Sorbera,25448517,1984-06-24,6374
Rodrigo,Scioti,30347666,1990-01-22,4752
Thiago Agustin,Totora,31218300,1996-04-25,1353
Matias Nahuel,Maradona,37454302,2000-10-08,3755
Franco Nicolas,Godoy,36313293,1992-04-26,7231
Gonzalo Ezequiel,Ibáñez,25406240,2000-06-25,9191
Ignacio Agustin,Santana,28851847,2001-12-29,5726
Lautaro Leonel,Sotomayor,21370537,1982-05-26,7002
Magali,Rivas,28691931,1989-08-17,7067
Matias Agustin,Espinoza,39951959,1981-01-07,7140
Santiago Benjamín,Demichelis,35622275,1984-10-26,9618
Milagros Ayelen,Sojero,24161051,1998-07-23,4366
Milagros Abigail,López,35750686,1985-08-09,3057
Tiziana,Martínez,33557756,1982-05-20,2471
Maitena,Salamone,35833532,1988-08-16,865
Santiago Ariel,Loreto,36875743,1982-04-13,5412
Tatiana,Delgado,29793495,1987-10-03,5761
Valentina Abigail,Castro,23426717,1998-04-07,6168
Maria Milagros,Ramírez,35729829,2003-04-03,1102
Tomas Benjamin,Rivera,30941025,2004-06-10,9715
Santiago Martin,Huarte,36718819,1993-07-13,5208
Rodrigo Ezequiel,Castro,26951852,1996-03-18,9435
Melina,Arredondo,23679046,1981-09-14,2901
Paula,García,23954468,1980-06-05,2380
Violeta,Godoy,27251705,1985-09-06,1877
Franco Nahuel,Mariani,33000599,1981-10-25,8707
Luisina,Fernández,34149378,2001-08-01,3347
Maria Pia,Quispe,29057375,1995-09-13,7819
Ana,Rivas,32664694,1991-06-17,3819
Lucas Agustin,Moreno,25691890,2003-08-13,5873
Maria Lujan,Duarte,28120497,1989-12-03,8641
Milagros Agustina,Andrade,30551728,1995-09-01,2646
Mateo Nicolas,Schapira,29561860,1981-05-03,3331
Matias Gabriel,Gonzales,34494159,1992-03-29,4899
Jeronimo,Mamani,32330296,1998-07-22,2813
Facundo Nahuel,Benítez,32501076,1992-08-07,2265
Facundo Gabriel,Gómez,35063268,2003-02-16,6552
María Florencia,Santana,24398844,1980-08-07,6975
Mariano,Lorca,35585077,1984-09-03,8014
Luna,Soto,39364971,1981-08-16,5748
Trinidad,Raimundo,34361632,1984-05-02,558
Milagros Aylen,Gutiérrez,34549556,1980-10-14,8719
Matias Alejandro,Raimundo,35120645,1986-02-20,1232
Santiago Daniel,Borges,29358371,2000-07-22,399
Ludmila Abigail,Farías,36659488,1982-07-16,6031
Kiara,Sberna,36494045,1993-06-01,4076
Alejandro,Casas,38507327,1998-07-21,2550
Thiago Nicolas,Pinedo,23086527,1988-08-26,3497
Emanuel,Rivas,37557986,1989-10-17,6491
Santiago Leonel,Saldaña,24525820,2001-12-29,7268
Axel Gabriel,León,29454539,1995-01-22,8358
Benicio,Leiva,31682167,1983-09-17,9654
Francesca,Arellano,29732060,1992-03-30,4468
Sofía Valentina,Castro,37953933,1996-01-03,6981
Juan Sebastian,Mora,28021092,2003-04-09,9775
Ignacio Nicolas,Mejía,23754006,1995-04-20,5537
Lautaro Tomas,Rebollo,38619393,1993-01-30,7896
Lucas Nahuel,Sotomayor,30507088,2001-06-27,5581
Lucila,Mamani,25925080,1988-12-04,1329
Maria Celeste,Marín,38374078,1996-10-30,9702
Valentina Belén,De León,34694541,1986-09-16,897
Priscila Abigail,Flores,27406595,1986-09-16,2281
Lautaro Valentin,López,39882138,2002-03-17,9112
Ciro,De Luca,38649708,1990-11-06,7699
Lautaro Emanuel,Santana,39524172,1982-03-02,2886
Thiago Benjamin,Muñoz,39726049,1987-02-28,1488
Luis Fernando,Andrade,22879699,1982-08-30,133
Maria,Fernández,35243696,1994-12-24,1067
Alvaro,Carranza,21591963,2001-08-25,394
Candela Abigail,Gonzales,37349600,1982-03-28,3004
Joaquin Alejandro,Mejía,20680742,1991-05-31,4564
Genaro,González,32483024,1993-04-18,3182
Magdalena,Sosa,34348053,1987-07-18,7545
Agustin Alejandro,Contreras,36086901,1996-11-17,6590
Santiago Valentin,Mancuso,32637673,1996-08-08,8877
Santiago Emanuel,Arredondo,32744449,1986-04-03,8376
Santiago Joaquin,Rodríguez,39648606,1982-08-18,4445
Martin Alejandro,Sosa,39985535,1998-06-26,4325
Thiago Nahuel,Carrizo,32348039,1999-02-14,9122
Mateo Benjamin,Valenzuela,25405484,1993-05-17,6296
Franco Gabriel,Saldaña,36480642,1986-07-07,1726
Facundo Agustin,Mariani,28936849,2001-01-07,6476
Lautaro Sebastian,Sorbera,22170755,1999-01-07,7591
Milagros Soledad,Nave,34679664,1988-08-15,3955
Ana Laura,Rotman,24340618,2001-01-04,1166
Lautaro Martin,Flores,31931346,1997-09-29,5123
Celeste Abigail,Soto,28864155,1989-09-19,2202
Nicole,Sorbera,39965343,1982-09-16,9890
Abril Agustina,Santos,27150095,1991-10-06,434
Nicolas Alejandro,Lorca,23437444,1999-08-15,6202
Lucas Daniel,Fornerón,32719755,1980-07-04,923
Micaela Belen,Espinoza,37126579,1990-01-20,4758
Chiara,Santos,33983875,1980-07-19,5652
Victoria Abril,Mora,21944205,2002-06-28,276
Manuela,Castro,36401224,1986-10-03,7194
Ulises,Gómez,22665494,1996-09-17,5197
Franco David,Soto,32730706,1990-08-31,9581
Santiago David,Martínez,36207263,1989-03-08,164
Tomás Valentin,Rodríguez,38366918,1995-02-24,8726
Gonzalo Nicolás,Vargas,32987965,1998-11-30,5173
Uriel,Nave,22316688,2004-06-24,6423
Joaquin Nicolas,Castro,30762137,1990-10-20,838
Thiago Valentin,Surace,25590222,1987-08-20,9564
Román,Nari,24995123,1982-08-20,7317
Luciano Gabriel,Rotman,30543961,1988-01-28,1594
Camila Aylen,Scioti,28439040,1992-08-07,6939
Mia Valentina,Mejía,22408149,1985-04-08,6654
Thiago Ezequiel,Amenedo,22643845,2004-06-21,2019
Fiorella,Martínez,36340963,1990-01-31,9264
Celeste,Mejía,27497198,1996-12-22,286
Avril,Maradona,38075483,1986-01-10,188
Luciano Nicolas,Pavón,37109247,1992-08-23,9126
Valentina Aylen,Casas,37355627,1986-01-01,9759
Martina Belen,Galán,31877216,1992-10-29,6692
Tomás Alejandro,Salamone,26156821,1995-05-02,5705
Martin Ezequiel,Delgado,22020903,2003-07-29,2876
Luciano Agustin,Galán,24062133,1994-10-06,6627
David,Rivas,25225255,1982-11-04,665
Mateo Agustin,Sánchez,39448120,1992-08-24,2345
Candela Belen,Huergo,37463183,1995-04-27,4677
Franco Leonel,León,37894403,1993-01-31,8461
Kevin,León,30420382,1997-07-23,6732
Ludmila Ayelen,Gutiérrez,26167666,1994-03-08,2722
Abril Valentina,Villalba,20415852,1987-09-03,9343
Felicitas,Rotman,28994877,2004-05-05,7686
Camila Ayelen,Pereira,20533447,2001-06-25,4811
Marcos Gabriel,García,33426367,1997-06-15,9548
Nahuel Agustin,Marín,24218723,1986-03-29,9758
Julieta Valentina,Pérez,29285895,1990-02-08,4199
Candela Agustina,Leal,38608088,1980-10-11,572
Kevin Ezequiel,Rotman,32855144,1981-12-11,6402
Luciano Ezequiel,Fazzi,37745528,1994-02-24,8832
Andres,De Luca,22176362,1995-11-11,9722
Leonel Agustin,Sala,26130915,2004-01-06,6750
Ian,Arellano,30564400,1999-10-19,2399
Braian Ezequiel,Ibáñez,27585023,1993-11-27,5308
Valentina Milagros,Amenedo,28512455,1988-10-13,2791
Rocio Milagros,González,29270350,1991-05-10,7425
Axel Uriel,Saldaña,23363340,2001-05-04,6440
Milagros Ailén,Fornerón,37427652,1999-11-08,9460
Fausto,Rosso,22134466,1994-01-13,9112
Tadeo,Contreras,35798758,1981-10-31,2057
Daniel Alejandro,Mancuso,29489608,1990-10-23,8246
Axel Nahuel,Galán,24904807,2001-12-17,1295
Camila Agustina,De Luca,20078646,1994-10-03,9915
Luz Milagros,Marchi,35396599,1990-04-19,9638
Luana,Giménez,37073032,2000-01-02,6437
Matias Leonel,Pérez,32083138,1985-07-27,4267
Ornella,Rebollo,38652776,2003-06-23,6419
Enzo,Fernández,37323718,1995-10-10,8014
Brian Ezequiel,Casas,35612635,2002-10-20,549
Ludmila Belen,Muñoz,30414870,1995-01-09,4762
Belen,Amenedo,32653733,1994-05-01,2614
Gaspar,Marino,37474359,1984-08-05,4404
Lionel,Sala,37074183,2002-12-10,6360
Uma,Duarte,39865869,1992-04-10,4491
Nicolas Gabriel,Castro,39489019,1985-03-17,2045
Oriana,López,24031237,1999-06-01,4185
Ignacio Gabriel,Mejía,28826344,1996-04-05,144
Justina,Galán,36102497,2002-01-26,1959
Sofia Magali,Díaz,27337377,1999-03-21,1750
Lucas Martin,Sotomayor,33734099,1997-01-07,7667
Alexander,Rebollo,29101040,1984-01-30,2479
Ignacio Joaquin,Sojero,24373756,1991-11-01,7632
Leandro,Leiva,27646520,1982-08-18,3946
Sofia Micaela,De León,36708879,2000-03-01,3893
Luz Maria,Pereyra,23276740,1998-03-18,680
Matias Benjamin,Martínez,31330628,2001-10-07,3683
Rosario,Agüero,28077043,1993-08-22,1309
Axel Leonel,Varela,34946355,1984-04-23,1774
Candela Abril,Marchi,22002313,1998-03-27,1581
Gonzalo Agustin,Silva,27165729,1984-09-06,613
Rodrigo Nicolás,Benítez,36597983,1993-04-07,9486
Thomas,Marini,35465870,1999-07-29,1868
Ana Clara,Zambrano,26571547,2004-06-16,717
Fabricio,Martínez,33614937,1987-03-02,4132
Brisa Abigail,Carrizo,37312969,2000-04-22,6798
Axel,Fernández,28395095,1993-04-18,2400
Maria Del Pilar,Andrade,22760976,1981-05-18,5682
Gianluca,Basile,33266539,1986-03-17,1868
Fermín,Salem,34960257,1989-09-06,819
Iara,De Luca,33763792,2003-03-27,6382
Tomas Gabriel,Nari,32360049,1981-08-26,3661
Julieta Belen,Carrizo,20970943,1992-08-10,2608
Lautaro David,Arredondo,23171547,2000-07-23,8786
Axel Fernando,Castro,29849109,1996-02-12,9406
Sofia Victoria,Pereira,39693563,1981-02-17,8017
Ambar,Díaz,29360252,1989-02-13,2811
Pablo Ezequiel,Flores,34014075,1999-07-19,5771
Juan Andres,Surace,30290378,1980-02-23,9908
Ana Belen,Gómez,33495151,1989-05-23,6521
Sofia Aylen,Duarte,28771504,1997-05-22,8396
Alan Gabriel,Rodríguez,23155024,1991-03-10,9258
Lucas Leonel,Casas,21003194,1998-08-24,2807
Maximiliano Ezequiel,Salazar,25092045,1987-07-24,5340
Camila Abigail,Santana,31403103,2000-06-23,8685
Candela Valentina,Rotundo,22028919,1991-05-18,1154
Nahuel Alejandro,Pérez,37178723,1995-11-04,815
Gabriel Agustín,Rebollo,31598407,2002-06-23,248
Benjamín Ezequiel,Rivas,22695839,1984-09-27,9428
Matias Daniel,Álvarez,20396166,1996-01-30,4880
Lucas Ariel,Pérez,26243932,1984-09-14,1628
Tomas Ignacio,Vargas,34525267,2003-10-10,7382
Alan Ezequiel,Benítez,35689691,1987-07-26,1427
Sara,Rómulo,24626192,1986-06-11,10
Camilo,Marchi,28828972,1989-10-21,779
Agustina Micaela,Mariani,29830997,1998-11-29,4606
Facundo Daniel,Giménez,28415550,1990-05-22,8990
Lourdes Valentina,Ibáñez,30478524,1993-10-12,4997
Gaston,Sorbera,27064316,1999-07-12,9689
Francisco Javier,Zurich,28890886,1992-08-07,4168
Candela Milagros,Martínez,24872710,1982-01-19,7514
Sofia Milagros,Basile,36202358,2003-10-29,6278
Maria Candela,Morales,28672278,1992-06-01,1920
Lucas Emanuel,Vargas,24170482,1989-09-14,3661
Fernando Jose,Casares,33313529,1982-02-13,5015
Daniel,De Luca,36344368,1995-01-11,2058
Nazareno,Pereyra,22460972,2003-01-19,8351
Florencia Belen,Pavón,39213806,1988-01-02,8216
Mateo Ezequiel,Nave,35185301,1998-08-29,394
Luciana Belen,Flores,35180434,1995-01-18,5997
Benjamin Alejandro,Rodríguez,22509747,1983-08-14,7312
Matias Ariel,Farina,34713077,2002-07-31,1546
Brisa Aylen,Soto,38031673,2003-01-24,7060
Santiago Alejandro,Benítez,38635205,1993-04-30,2544
Virginia,Pedone,26297580,1987-12-29,4502
Facundo Ariel,De León,35699607,1981-04-28,1865
Martina Abril,Soto,20488715,1996-08-15,6114
Tobias Ezequiel,León,38089438,1983-04-13,4134
Macarena,León,22441915,1991-12-08,3457
Ariana,Sala,31496318,1985-03-28,5382
Thiago Gabriel,Godoy,30590057,1982-11-15,2308
Lautaro Alejandro,Zambrano,33695357,1986-10-08,9145
Lautaro Uriel,Raimundo,37674231,1990-06-29,3653
Ines,Gómez,26993262,1985-12-06,121
Ariel,Pavón,35787094,1985-09-24,3769
Maria Josefina,Pérez,31361528,1984-11-05,7905
Patricio,Duarte,25550352,1984-10-12,5879
Gonzalo Gabriel,Pereira,37884856,1993-10-21,2084
Lucas Nicolas,Flores,27960476,1990-06-27,6691
Maria Fernanda,Huarte,36858157,1999-08-10,5619
Rafael,Andrade,30754555,2004-03-11,7003
Rodrigo Nahuel,Santana,38888404,1983-10-28,7208
Luisana,Soto,38549425,1994-05-08,1833
Leonel Alejandro,Goicochea,38828554,2003-10-19,4101
Rocio Abigail,Ibáñez,30174566,1986-06-17,868
Gino,Giordano,33237471,2004-02-04,8640
Joaquina,Rivera,34953942,1990-08-19,4838
Marco,Salamone,39121743,2000-10-16,8440
Lautaro Javier,Mancuso,36191213,1995-07-08,5221
Celina,Espinoza,32193655,2000-04-11,3261
Ludmila Aylen,Pedone,25359679,1982-12-09,3411
Alexis Ezequiel,Zurich,39258930,2001-11-21,3758
Thiago Joaquin,Mejía,38180334,1998-10-31,3965
Alexis Gabriel,Benítez,22241439,1999-04-02,6162
Federico Agustin,Mariani,32920242,1993-12-31,5685
Lara Valentina,Muñoz,36784590,1983-05-26,4201
Florencia Agustina,Morales,23989285,1989-02-18,24
Maria Pilar,Scioti,26598561,2002-03-12,8063
Santiago Andres,Carranza,31032235,1989-12-29,8303
Camila Milagros,D'Elia,28568454,2004-05-19,2302
Franco Daniel,Rotman,22213949,2002-12-08,7007
Marcos Agustin,Moreno,29533685,1982-01-18,7925
Ana Lucia,Pinedo,38772278,1990-02-26,1481
Thiago Uriel,Godoy,32896284,1994-07-04,8461
Santiago Javier,Fornerón,30793600,1986-06-14,4522
Marco Antonio,Silva,32540704,2004-03-11,1637
Ana Luz,Santana,22606691,1997-09-09,3592
Rodrigo Sebastian,Vargas,39668640,1999-07-28,1776
Maria Paula,Pedone,23487789,1980-11-05,6981
Rocio Micaela,Giménez,36219139,1981-02-21,6636
Camila Abril,Farías,28890166,2002-07-21,2329
Milagros Guadalupe,Martínez,34240527,1991-01-10,1879
Valentina Magali,Nessi,20287573,1996-09-08,7202
Kevin Nahuel,Rómulo,36806759,2000-05-14,8487
Francisco Nicolas,Quispe,35707177,1998-12-16,3545
Micaela Ayelen,Pavón,28933148,1986-06-04,2642
Maria Del Rosario,García,35994972,1995-08-26,3529
Martin Nicolas,Reyes,32387859,1996-11-01,4465
Federica,Santos,28469524,1994-03-26,5991
Facundo Tomas,Giménez,20269748,1981-11-17,5349
Santiago Uriel,Mora,36347959,2002-03-30,5690
Carlos Daniel,Salem,23987076,2003-02-18,4125
Lucas Sebastian,Schapira,32000201,2004-04-11,9287
Axel Ezequiel,Maradona,21575271,2000-11-27,2446
Mateo Joaquín,Farías,23073384,1982-10-29,508
Leandro Ezequiel,Castillo,21114717,1999-10-25,3626
Ludmila Milagros,Casas,33654842,1998-09-24,4214
Lautaro Ariel,Hoffmann,31517930,1997-01-23,7899
Diego,Marini,20830091,2004-05-15,9764
Julio Cesar,Zambrano,25313180,1984-08-13,8781
Vicente,Jiménez,28139506,1989-07-28,261
Francisca,Mejía,26701128,1997-11-30,5602
Mariana,Sala,35057164,1994-05-19,274
Luis Alberto,Salamone,30230755,1986-04-25,2859
Rocio Ayelen,Salem,27944565,1993-07-12,3291
Fernando,Fazzi,28734202,1993-09-18,4252
Ema,Varela,35578901,1993-10-31,3769
Alexis Nahuel,Raimundo,37371778,1987-03-31,1197
Ignacio Ezequiel,Sojero,39217956,1983-02-26,6981
Milagros Lujan,Rotman,30894346,1993-05-10,6046
Kevin Agustin,Nave,35202582,1987-09-05,6067
Facundo Leonel,León,39908720,1986-03-03,3105
Abril Agostina,Fazzi,25293305,1995-12-14,1729
Maite,Gómez,37202963,1994-08-01,74
Sebastian Alejandro,Espinoza,32127533,1997-02-08,6427
Dylan Ezequiel,Quispe,38124377,1992-11-14,5555
Maria Constanza,D'Elia,30650362,1989-10-02,9390
Maximiliano Gabriel,Salem,32629808,2003-11-23,5403
Daniela,Gutiérrez,34345664,1999-05-09,6723
Lucas Benjamin,Morales,28029100,1998-11-18,5620
Lautaro Jesús,Marino,32259753,1994-03-07,9642
Lucas Joaquin,Sosa,27645547,1996-09-09,4216
Thiago Leonel,Pérez,37461950,2003-01-09,6595
Axel Daniel,Pavón,30696349,1985-10-25,4519
Azul,Castro,32789355,1986-06-09,5787
Sofia Abril,D'Elia,21634078,1992-04-19,1229
Milagros Micaela,Sorbera,37120721,1991-06-06,7164
Milagros Magalí,Vera,21186612,1988-09-09,3654
Maria Lucia,Gutiérrez,32634584,2002-06-22,7733
Marcos Ezequiel,Duarte,35866070,1996-11-23,5671
Lucas David,Abadía,31546234,1998-03-21,4633
Axel Agustín,Raimundo,34925678,1990-10-25,479
Gonzalo Nahuel,Mancuso,27634918,1986-07-13,1739
Thomas Agustin,Pineda,22386720,1993-03-14,9743
Franco Tomas,Varela,31355987,1983-02-20,8701
Florencia Abigail,Zurich,36683059,2002-03-29,881
Maximo Agustin,Sojero,22473496,1988-02-16,2802
Camila Soledad,Leal,32538722,1989-01-28,3691
Luciano Benjamin,Borges,38703957,1994-07-15,8773
Bautista Nicolas,Loreto,39405316,1993-04-17,7197
Fabrizio,De León,39809769,1982-04-04,4814
Alfonsina,Rosso,30117139,1984-06-06,6935
Lautaro Exequiel,Pinedo,39353007,1998-02-14,6528
Leonardo,De Luca,23497179,1993-03-27,74
Mateo Valentin,Rómulo,39611188,1998-01-17,1114
Juan Agustin,Fernández,37398449,1982-01-29,6502
Brisa Ayelen,Delgado,34805468,1989-06-24,2502
Laureano,Pinedo,28882076,1987-06-24,9617
Lautaro Damian,Pineda,30825065,1982-10-26,3402
Leandro Nicolas,Scioti,29568533,2001-03-13,7768
Matias Sebastian,Pérez,23998867,1989-08-15,6451
Francisco Agustin,Surace,21326077,1987-08-27,8089
Carola,Nave,36048461,1993-06-02,1619
Elias,Mora,39971699,1994-06-04,6719
Rocio Guadalupe,Giordano,28597245,1992-04-18,2703
Ignacio Benjamin,Quispe,35163175,1989-06-14,8074
Maria Laura,Loreto,21142793,1999-02-22,3521
Facundo Emanuel,Rojas,21733598,1996-05-18,5059
Facundo Martin,Vargas,33510942,1989-01-17,9134
Pablo Agustín,Jiménez,22369158,1990-12-29,592
Agustina Milagros,Pereira,21943720,1992-01-25,4895
Valentina Jazmin,Salamone,38719101,2002-02-28,4800
Sofia Ailen,Carrizo,20907933,2004-06-25,2274
Florencia Magali,Nave,36422643,1985-10-04,4113
Valentina Guadalupe,Ibáñez,32283865,2003-08-01,8426
Kevin Nicolas,Agüero,35768542,1996-08-18,4978
Ana Sofia,Sotomayor,35441581,1988-09-04,7798
Aylen,Flores,24316369,1985-11-18,2185
Thiago Lionel,Rivera,29824112,1981-03-12,7150
Franco Emanuel,Fava,26014255,1982-08-01,5463
Eugenia,Rosso,20485694,1991-10-26,8542
Rocio Magali,Fernández,36963641,1989-12-01,5262
Valentina Luján,Schapira,27928484,1991-08-05,3455
Federico Nicolas,Hidalgo,23538345,1984-05-21,4552
Morena Abril,Moreno,29763854,1990-08-20,650
Candela Magali,López,34378240,1995-09-02,5088
Aldana,Nessi,21522785,1994-12-17,8231
Elias Ezequiel,Delgado,25835123,1984-09-27,9416
Tobias Benjamin,Sberna,32872342,1992-04-17,4827
Leandro Agustin,Hidalgo,31438902,1995-04-11,8146
Tomas Nahuel,Zambrano,39328995,1981-12-04,4899
Esteban,Surace,28152890,1994-05-29,4328
Tobias Agustin,Varela,34160357,2000-10-27,2616
Matías Emanuel,Pineda,30105855,1991-06-15,4747
Lucas Santiago,Rojas,31282525,1998-05-25,4311
Sofia Guadalupe,Castro,32538469,1992-03-11,5472
Ernestina,Pineda,31614840,1986-10-12,2441
Iñaki,Contreras,23190070,1989-06-22,4241
Julieta Abril,Pinedo,26474115,1990-06-25,6344
Valentina Ayelen,Portillo,30091278,1988-08-12,7240
Santino Nicolás,Mamani,34342305,2002-06-16,8108
Cristian Gabriel,Silva,28226133,2003-09-18,2760
Tatiana Abigail,Farías,26376391,1996-02-08,6284
Giuliano,Amenedo,29002705,1998-08-31,648
Jose Manuel,Reyes,21428312,2000-08-17,1519
Santiago Ivan,Giordano,30767258,1989-07-21,9549
Rodrigo Agustín,Giménez,37375644,1992-04-12,3370
Milagros Agostina,Pedone,26218270,1997-09-01,5193
Ezequiel Alejandro,Hernández,39958847,2002-03-26,837
Jeremias Ezequiel,Mejía,38044398,1993-10-07,8567
Maria Agostina,González,32051886,1988-07-07,5004
Nahiara,Pereira,23403595,2001-06-29,657
Valentina Soledad,Arredondo,39992574,1996-01-27,6807
Alan,Martínez,35654229,1991-03-14,1782
Candela Agostina,García,35174436,2004-07-08,5307
Abril Milagros,Casares,20977737,1995-02-07,2117
Mercedes,Salazar,37610593,1985-10-14,170
Axel Nicolás,Muñoz,29630645,1992-11-23,5642
Santiago Jose,Varela,36890052,1989-06-27,3955
Juan Pedro,Gómez,35093967,1997-09-05,5805
Agustin Gabriel,Muñoz,34601358,1998-12-20,8505
Rocio Aylen,Lorenzo,20036802,1994-10-09,7119
Carmela,Carranza,37079505,1995-07-12,3945
Joaquin Andres,Lorenzo,29922822,2004-03-08,8524
David Ezequiel,Contreras,24556334,1981-07-06,1370
Sofia Abigail,Mejía,23056835,1997-07-05,535
Joaquin Gabriel,Arellano,33174171,2000-04-12,5487
Ludmila Magali,Pereira,32020602,1999-05-27,311
Francisco Jose,Santana,22588927,1993-07-11,7267
Nazarena,Villalba,31078687,1981-03-01,427
José Antonio,Lorenzo,32139011,1996-05-23,2760
Luis Miguel,Villalba,27606374,1984-07-28,4604
Ivan Ezequiel,Moreno,36528548,2004-04-18,3431
Agustina Soledad,Mamani,31321048,1996-11-14,7026
Baltazar,Pineda,28979205,1995-05-04,4739
Jonathan Ezequiel,Santos,28032826,1988-03-24,2702
Teo,Contreras,39736377,1999-05-07,719
Sebastian Ezequiel,Sberna,37022721,2002-01-31,637
Tatiana Belen,Scioti,23129333,2002-11-28,8146
Lautaro Lionel,Contreras,31970299,1994-05-12,6395
Angel David,Pedone,37896229,1999-05-08,8870
Ignacio Martin,Vargas,29327165,1993-10-17,1826
Luis Alejandro,Díaz,23552774,1992-09-22,6225
Priscila Ayelen,Gonzales,27597943,1981-03-24,4716
Maria Candelaria,León,38067019,1998-09-15,7145
Rocio Valentina,Saldaña,36988834,2000-10-22,817
Ramiro Agustin,Nari,27349692,1990-10-26,3753
Alexis,Pavón,23802306,1982-08-03,5466
Jose Maria,Marino,22258274,1984-06-10,6869
Carlos Gabriel,Farina,35106798,1987-08-19,9631
Thiago Martin,Salvador,23419292,1980-01-09,9433
Bruno Nicolas,Portillo,27764298,1986-02-07,7977
Luciana Valentina,Fava,31795549,1989-05-13,9829
Sofia Antonella,Sosa,39931271,1999-12-17,3328
Priscila Belen,Saldaña,35669606,1995-03-30,9494
Uriel Alejandro,Basile,26609973,1980-08-29,8378
David Alejandro,Castro,36863526,1984-10-19,1457
Iara Valentina,Nari,29139703,2001-03-13,5514
Priscila Aylen,Vargas,36446822,1987-09-24,6629
Franco Sebastian,Contreras,22945633,1989-09-23,2938
Agustina Aylen,Vasile,36835024,1997-12-17,3857
Camila Ailen,Marini,22441347,1990-01-01,8472
Agustina Abigail,Rotman,24833771,1993-07-29,7951
Dylan Gabriel,Agüero,26911183,1994-07-19,1183
Alejo Nicolas,Fazzi,32177734,1997-10-02,6865
Micaela Agustina,Lorca,31986292,1988-03-25,6475
Leandro Gabriel,Duarte,28542068,1993-01-17,3574
Dolores,Nari,22289537,1993-10-31,4188
Kevin Daniel,Fernández,34968344,1987-09-14,25
Maria Lourdes,López,23367740,1981-02-20,4618
Elias Gabriel,Salazar,31136749,1998-03-21,533
Francesco,Huarte,29405732,1990-02-13,4260
Rocco,Andrade,23660671,2001-12-22,1397
Dylan Uriel,Marín,31667999,1998-04-01,2945
Brisa Milagros,Rosso,29187216,1988-04-22,4139
Bianca Valentina,Schapira,22659166,1999-04-21,7353
Marcos Antonio,González,30544627,1984-09-19,7122
Tomas Joaquin,Mora,37412018,1981-05-14,5004
Gonzalo Sebastian,Lorenzo,30210972,1999-05-09,1644
Tomàs Ariel,Zurich,36440400,1991-08-20,4870
Axel David,D'Elia,38081111,2001-11-26,883
Agostina Belén,Portillo,37374084,2000-01-04,7818
María Magdalena,Scioti,32543350,1984-06-26,2876
Lourdes Abril,Mamani,30857244,1999-05-03,4168
Juanita,Varela,35140943,1983-08-07,8991
Agustina Ayelen,Villalba,38635919,1991-07-21,3420
Geraldine,Ibáñez,34237425,1988-02-02,2065
Irina,Morales,26942157,1984-02-21,690
Ramiro Nicolas,Surace,22273467,2001-03-05,6541
Mateo Gabriel,Benítez,27297108,1993-08-01,9024
Milagros Anahi,Soto,29430149,1998-05-28,162
Iara Abigail,Vasile,24103575,2001-11-26,9292
Candela Jazmin,Santana,27410194,1998-04-20,8245
Bruno Ezequiel,Mariani,22986134,1990-03-20,4867
Brisa Magalí,Marini,29014866,1993-08-26,44
Francisco Tomas,Basile,31935000,1982-01-06,6253
Tomas Emanuel,Salazar,24425451,1981-12-25,5568
Joaquin Uriel,Pereyra,36654395,1990-06-30,1586
Maria Delfina,Sorbera,30793067,2001-07-10,4207
Barbara,Delgado,25362677,1995-05-01,2653
Santiago Ismael,Rotman,34986919,1990-10-10,9794
Tobias Uriel,Ibáñez,21901671,1984-04-07,3275
Ludmila Abril,Fazzi,22213075,1981-10-24,1189
Leandro Nahuel,Lorca,31938358,1992-08-08,2864
Cristian,Leal,28432615,1981-05-05,9461
Julieta Magali,Farina,24933715,1992-05-21,6179
Fátima,De León,30730742,2004-01-02,8696
Facundo Sebastian,De León,26308944,1991-02-23,9285
Gianfranco,Hernández,33553259,2004-06-10,381
Fernando Gabriel,Giordano,20749500,1996-01-21,3609
Thiago Tomas,Mora,32452236,1987-06-09,6654
Alejandro Gabriel,Salvador,36899611,1996-12-03,292
Sofia Agustina,Castillo,31242901,1981-09-08,69
Agustina Abril,Rodríguez,22285797,2001-11-19,8646
Lucia Milagros,Pereyra,27770503,1991-08-19,6810
Maia Valentina,Totora,34481407,1992-08-21,2879
Araceli,Giordano,30146488,1996-03-29,874
Agustina Magali,Pavón,31766652,1991-08-22,6484
Morena Abigail,Morales,38990400,2003-12-26,6789
Gonzalo Daniel,Nari,29773082,1983-10-21,3127
Faustino,Pérez,36865880,1994-05-23,2607
Valentina Micaela,Fornerón,36538712,1986-05-15,3638
Ignacio Valentin,Pavón,26432346,1985-09-28,1500
Maria De Los Milagros,Huergo,39547482,1983-04-17,7404
Brian Nahuel,Carranza,25458314,1986-01-06,8847
Lautaro Andrés,Sotomayor,29669080,2001-05-12,8919
Dylan Agustin,Vargas,29972745,1988-01-06,5479
Fernando Ezequiel,Salem,39999865,1988-10-19,4098
Lucas Alejandro,Contreras,33770624,1996-01-07,3142
Milagros Antonella,Hernández,20363041,1985-06-14,8306
Alan Nahuel,Amenedo,35230384,2004-03-20,9762
Tobias Nahuel,Rivas,37421394,1983-04-22,4190
Joel,Álvarez,28766826,1984-04-13,6366
Lucca,Salem,20467993,1982-02-18,4053
Martin Ignacio,Marchi,32844419,1996-03-29,4791
Matias Joaquin,López,30576728,2002-04-29,4223
Nahuel Ezequiel,Vargas,29310945,1982-03-02,2410
Milagros Rocío,Duarte,35713872,1992-09-30,4357
Alejandro Ezequiel,Raimundo,26330749,2000-05-03,5925
Valentina Ailén,Portillo,22030602,1984-05-26,9476
Alejandro Daniel,Hidalgo,39844937,1989-07-05,4514
Zoe Valentina,Rivas,22850037,1989-08-29,8196
Maximo Alejandro,Goicochea,35944624,2002-03-25,3586
Pablo,Huarte,31930129,2003-03-07,3101
Luciano Joaquin,Silva,24062486,1997-12-26,8799
Ludmila Ailen,Lorca,20647961,2003-09-08,359
Brisa Valentina,Silva,29714786,2000-11-10,1726
Enzo Gabriel,Scioti,33641615,1992-12-05,3581
Estefania,Marino,32943350,2001-12-16,4516
Maria Sofia,Ramírez,37837066,1984-12-14,2764
Kiara Abigail,Salvador,26328433,1992-05-27,5276
Thiago Sebastian,Sotomayor,34271165,1991-06-18,3598
Ivo,León,22423079,1991-09-27,2667
Brenda,Gómez,29656766,1996-03-27,537
Florencia Valentina,Salem,28922780,1999-05-13,9969
Pablo Nicolas,Huarte,27655059,1995-12-24,3590
Juan Antonio,Arredondo,23327752,1993-09-30,6355
Brian Nicolas,Gutiérrez,39769985,2000-07-19,4288
Leon,Vargas,25757294,1994-07-11,4219
Gonzalo Martín,Zambrano,25938174,1980-03-17,3477
Alejo Benjamin,Loreto,25814200,1987-09-06,4281
Javier Alejandro,Hernández,26997150,1996-07-14,6152
Alexis Nicolas,Vasile,29335708,1998-05-31,684
Ana Victoria,Casas,28808284,2003-06-13,540
Maria Clara,Díaz,25069179,2002-06-18,2520
Jorge Luis,Giménez,28872000,2004-06-28,8143
Maximiliano Agustin,Huergo,35957484,1985-10-27,7152
Ignacio Tomas,Surace,27566734,1993-12-30,4937
Ramiro Ezequiel,López,37757590,2001-02-23,6005
Santiago Manuel,Hoffmann,23470639,1997-11-02,6646
Candela Aylen,Jiménez,38047807,1996-04-26,5833
Serena,Fazzi,39013225,1994-12-14,3243
Selene,Leiva,36527853,1992-08-03,4695
Stefano,Lorca,23772173,1993-11-16,4591
Ismael,Díaz,30187664,1996-05-08,4329
Priscila Magali,Rotman,36793049,1982-01-19,7918
Helena,Duarte,20389569,1984-09-01,2501
Ana Maria,Díaz,32706469,1990-06-11,9504
Miranda,Pavón,26223627,1992-12-13,5842
Tobias Nicolas,Marini,25975072,1988-01-19,2318
Jorge Daniel,Rivas,35632173,1987-03-09,6385
Benjamin Nicolas,Carrizo,39755867,1999-08-12,1002
Bautista Benjamin,Pereira,29928361,1986-02-06,1183
Santiago Sebastian,Vasile,38897385,1982-05-27,4263
Valentina Nicole,Pineda,39352898,1996-12-26,1234
Ana Valentina,Nave,21356820,1989-02-17,8087
Martin Gabriel,Goicochea,35441502,1985-06-17,3410
Morena Valentina,Martínez,25547184,1986-10-26,7435
Joaquin Leonel,Sánchez,37025158,1984-01-12,5038
Lucía Magalí,Salem,35993292,1994-03-11,659
Matias Ignacio,Gómez,22526985,1986-11-15,4405
Ignacio Sebastian,Soto,30693306,1998-02-08,5523
Santiago Jesus,Pavón,39125850,2003-04-28,70
Federico Ezequiel,Rojas,35810211,2001-01-19,8116
Marcos Daniel,Casares,30820325,2000-06-14,7068
Mauricio,Pinedo,20744170,1993-05-09,7067
Gabriel Nicolas,Godoy,32454812,2002-02-08,6940
Nicolas Martin,Rojas,36683417,1982-08-06,6006
Samuel,Rivas,23933832,1981-04-21,9970
Santiago Lionel,Gonzales,33587153,2003-06-25,7961
Agustin Emanuel,Sotomayor,24685261,1982-09-08,3171
Tiago Nicolás,Salazar,36416599,1990-10-31,7086
Camila Rocio,Jiménez,22093494,1995-05-23,6415
Diego Agustin,Gutiérrez,39618072,2001-11-29,4738
Marcos Nahuel,Nave,38674370,2004-07-01,1574
Kiara Valentina,Delgado,38884960,1993-09-27,1325
Joaquin Sebastian,Rebollo,25336242,1998-07-13,2639
Milagros Jazmin,Huarte,31537241,1987-08-29,5524
Diego Alejandro,Rotman,38220301,1986-08-17,5985
Rodrigo Gabriel,Álvarez,34820465,1988-10-11,9313
Gonzalo Joaquin,Fazzi,32879822,1997-05-10,7035
Tiago Benjamin,Scioti,38135524,1999-08-10,6258
Facundo Benjamin,Fazzi,20528192,1998-08-15,2016
Antonella Belén,Mariani,29833732,1985-04-16,6167
Emilio,Sorbera,24860453,2003-12-10,850
Ignacio Nahuel,Hidalgo,35245699,1989-11-30,7106
Alan Leonel,Farina,35965066,1996-10-21,9962
Julieta Abigail,Contreras,22254973,2003-08-02,3294
Maria Isabel,Arredondo,27348841,1995-12-15,1846
Ana Gabriela,Agüero,24937750,2002-07-06,3755
Sofia Ayelen,Valenzuela,23155704,2000-02-13,7826
Gianella,Fornerón,21751384,1990-08-11,6285
Juan Segundo,Díaz,31794974,1996-06-30,2832
Ailen,Vargas,21393182,1987-02-13,2180
Jonathan,Hoffmann,20537762,1985-06-12,3606
Alex,Pineda,29304106,2001-01-25,1570
Sol Agustina,Hoffmann,39333092,1989-02-21,5683
Tiago Agustin,Díaz,31607047,1988-08-06,5294
Ariadna,Hoffmann,38669701,1992-03-14,8286
Kiara Aylen,Andrade,34629247,2000-08-24,7200
Javier,Rosso,23172626,1998-08-09,2731
Cristian Ezequiel,Fernández,39222145,2003-10-12,6199
Daniel Agustin,Mariani,30665358,1984-08-23,7933
Juan Roman,Amenedo,31315742,1998-01-10,9228
Leonardo Gabriel,Rómulo,37935925,1986-10-02,3018
Gonzalo Emanuel,Schapira,23963863,2002-10-29,612
Maximo Gabriel,Scioti,36215256,1983-08-06,8251
Miguel Alejandro,Villalba,24239660,1980-09-12,3251
Gastón Ezequiel,Borges,23999327,1995-09-06,4095
Rodrigo Emanuel,Vera,23671004,1983-03-27,2151
Lucas Valentin,Demichelis,20061036,2000-11-17,1957
Brenda Magali,Demichelis,39136807,2000-02-08,4484
Lucas Matias,Scanone,29047609,1993-05-10,9125
Fernando Agustin,Sotomayor,35494284,1992-03-29,214
Gonzalo David,Pineda,33288802,1999-02-09,80
Lucas Ivan,Huergo,31227181,1987-02-08,6093
Joaquín Emanuel,Marchi,37196091,2001-08-26,4677
Francisco Gabriel,Salamone,25791800,1982-06-08,3516
Tiago Nahuel,Salamone,22458627,1987-03-11,891
Ezequiel Agustin,Villalba,35610119,1993-08-09,5108
Cristian Daniel,Contreras,30549916,1991-03-28,2425
Valentina Nahir,Giménez,30505282,2002-11-27,2087
Rocio Ailen,González,34872476,1991-02-08,1103
Valentina Sofia,Salvador,21452892,2002-09-08,2562
Tomas Leonel,Saldaña,38417295,1996-05-10,9657
Agustina Ailen,Reyes,25483122,1981-11-08,6849
Lucia Valentina,Espinoza,38685206,2002-08-25,4397
Victoria Belen,Arellano,31136421,1988-10-17,2141
Iara Belen,Duarte,27462006,1984-07-24,1195
Kiara Belen,Muñoz,38752400,1981-01-22,3167
Antonio,Pereyra,30854238,1998-02-22,2632
Lautaro Joel,Mancuso,31103959,1994-07-09,9863
Jonathan David,Saldaña,28405985,1995-12-29,6828
Luciano Nahuel,Salamone,23084627,1985-09-21,3548
Renzo,Marini,25335997,1991-10-03,6432
Camila Antonella,Martínez,23474253,1992-11-11,8864
Leonardo Ezequiel,Mora,20802811,2004-08-23,8031
Cristian Ariel,Marino,34409851,1993-03-02,2836
Brisa Abril,Rivas,22519208,1986-12-23,9883
Lourdes Milagros,Rómulo,37427738,1983-06-10,1055
Jimena,Totora,28588155,1994-07-06,8167
Lautaro Ismael,Abadía,24697680,2003-02-24,3977
Micaela Abigail,Marini,31208701,1994-10-09,3340
Alexis Daniel,Farías,24202671,1985-10-18,1192
Luna Morena,Santana,24143388,2002-04-27,2484
Mauro Ezequiel,Fava,21860323,1986-04-07,4006
Lourdes Abigail,Salvador,21854641,1998-12-17,3101
Agustin Ariel,Farías,31727395,1984-06-14,9996
Joaquin Tomas,Rivera,39825803,1994-07-22,2413
Franco Ariel,Maradona,39122826,1992-05-05,8983
Ariana Abigail,Castro,34336477,1990-12-27,4252
Pablo Gabriel,Castillo,38892513,2000-05-15,1069
Lautaro Ivan,Loreto,23934988,1983-05-27,9405
Thiago Alejandro,Rotman,39684132,1992-08-25,6097
Facundo Javier,Sánchez,24429370,2001-07-27,1292
Santiago Matias,Rodríguez,21236272,1989-10-08,5824
Axel Joel,Hidalgo,25993887,2001-07-16,8655
Franco Valentin,Sotomayor,28620207,1994-03-31,4567
Jose Gabriel,De León,31167316,2000-03-10,2937
Valentin Ezequiel,Martínez,32937652,1989-04-26,9288
Facundo Alejandro,Gómez,25446606,1983-02-06,7695
Luciana Abigail,Fornerón,29234988,1990-04-23,7103
Mariano Agustin,Agüero,25660017,1998-04-19,9122
Brisa Ailen,Rebollo,29282320,2004-01-16,9432
Milagros Lucia,Rotman,32540895,1990-04-28,9175
Ivan Alejandro,Goicochea,34765800,2001-10-08,3616
Nicolas Ariel,Duarte,27272726,2001-07-14,2066
Lucas Ignacio,Díaz,36185822,1990-02-16,9075
Alejo Agustin,Fernández,24925818,2002-04-20,9650
Sol Valentina,Casas,25318526,1990-08-06,1925
Priscila Abril,Lorenzo,38578299,2004-06-18,7135
Luka,Castro,36395960,2000-07-05,7022
Mauro,Abadía,30052338,1989-02-21,6024
Facundo David,Silva,26313266,1993-05-06,3668
Agustin Sebastian,Mamani,28914847,1980-12-06,7270
Jonathan Gabriel,Sojero,28148861,1982-04-21,9211
Kevin Leonel,Leal,34642652,1999-11-28,6418
Camila Valentina,Huergo,20244219,1996-06-03,5448
Agustin Nahuel,Hidalgo,25389918,1994-10-31,9293
Tobias Valentín,Loreto,39504002,1980-12-01,3004
Brisa Antonella,Casares,29171398,2000-10-14,857
Gregorio,Giordano,38701560,1996-05-27,798
Donato,Díaz,36673571,1983-05-31,6017
Axel Ariel,Fernández,27622419,1984-02-05,7591
Martina Guadalupe,Pavón,25038548,1995-01-09,2646
Melany,Giordano,24829864,1980-12-09,7645
Maria Alejandra,Castro,22267107,1999-07-20,9386
Pablo Sebastián,Sotomayor,36660886,2004-05-04,6114
Gabriela,Sala,23761622,1989-06-24,5768
Agustin Tomas,Arellano,37664561,1997-07-02,2559
Abril Micaela,Morales,28057354,1983-08-24,7493
Valentin Nicolas,Contreras,36657839,1980-12-22,3292
Camila Victoria,Giménez,30192284,2004-08-10,8951
Diego Ezequiel,Álvarez,37263710,1988-02-29,7819
Enzo Nicolás,Delgado,36313806,1988-11-12,8781
Elias Benjamin,D'Elia,21282708,1997-09-15,4623
Maximo Nicolas,Rebollo,35668255,1990-12-03,9794
Camila Guadalupe,Silva,27346668,1980-05-09,3408
Berenice,Varela,32224065,2001-04-10,2080
Luciano Martin,Carranza,38890148,2002-10-27,9978
Valentina Pilar,Mejía,26191541,1980-04-20,3610
Brisa Agustina,Marino,31533483,2003-12-08,4631
Franco Martin,Mancuso,20883096,1990-04-20,1733
Kevin Uriel,Arredondo,39205547,1983-11-07,1442
Lucas Tomás,Godoy,27166678,2000-10-14,3718
Dylan Nahuel,Farías,31311994,2000-12-04,6953
Marcos David,Marín,33213911,1999-03-03,8389
Brisa Belen,De Luca,36133155,1983-12-12,3509
Federico Gabriel,Godoy,35138987,2001-07-21,4926
Mirko,Soto,20752344,1998-11-03,8064
Tiago Ezequiel,Pavón,23092047,2000-05-11,1010
Natalia,Borges,23063685,1980-04-08,6154
Matías Javier,Totora,20498383,1999-03-19,3342
Ariel Alejandro,Salazar,28357147,1993-12-28,875
Solana,Mora,26530472,1997-05-14,5062
Milagros Celeste,Gutiérrez,21891989,1991-12-10,4905
Luz,Sojero,33420752,1984-04-08,3453
Mia Abril,Totora,31865646,1980-01-25,7023
Facundo Manuel,Mora,33039918,1993-01-30,204
Guido,Vasile,34576665,2001-04-18,7482
Adrian,Farías,30697940,1981-11-20,5334
Luciano Andres,Sojero,29851542,1997-08-22,6876
Milagros De Los Angeles,Rotman,21905403,1998-01-18,3997
Candela Lucia,Amenedo,27518265,1986-08-18,1724
Nahuel Nicolas,Rojas,39433024,1988-10-31,2762
Kevin Gabriel,Castillo,35147918,1997-03-08,8280
Gonzalo Benjamín,Marini,21650333,1989-12-30,835
Cristian David,Delgado,28525057,1988-08-22,6261
Agustin Ignacio,González,26865417,1994-06-24,2669
Lucas Damian,Silva,21299653,1998-10-02,282
Carlos Alberto,Valenzuela,22872559,1991-02-15,8428
Juan Daniel,Farina,21249362,1994-06-10,8125
Elena,Amenedo,39463247,1992-04-21,7950
Kiara Agustina,Fornerón,34718938,1992-06-25,6042
Matilda,Pinedo,26482641,1984-08-05,8998
Abril Antonella,Rebollo,25490698,1989-08-25,6988
Lionel Agustin,Farina,30793952,1994-09-15,471
Segundo,Zurich,22078835,2000-10-10,9730
Angela,Salvador,31252822,1994-08-10,7142
Rocio Abril,Goicochea,26586372,1999-07-25,6376
Daiana,García,38034399,2004-03-21,3891
Axel Maximiliano,Nessi,34054598,2001-11-17,8485
Alan David,Silva,35215655,1997-04-20,133
Florencia Micaela,León,26408663,1981-12-03,9171
Diego Nicolas,Gómez,28780054,2001-11-25,707
Mauricio Nicolas,Schapira,22407114,2002-09-05,3272
Priscila Milagros,Rosso,23034142,1992-03-03,5170
Maria Catalina,Casares,38906740,1998-04-08,585
Axel Javier,Carranza,22285966,1987-11-22,2209
Victoria Valentina,Raimundo,25466771,1980-09-21,7187
Martiniano,Nari,24230116,1983-08-14,2924
Juan Diego,Raimundo,25913775,1993-12-04,7406
Diego Armando,Abadía,25847475,1995-12-01,2398
Agustin Maximiliano,Nari,39028863,2001-03-29,2352
Maria Trinidad,Gutiérrez,23641371,1997-05-29,4122
Margarita,Schapira,30890382,2003-03-08,8257
Evelyn,Rómulo,32283080,1980-08-29,6258
Diego Martin,Totora,36330834,1986-07-15,1521
Alexis Sebastian,Ramírez,25087484,1987-02-03,8395
Priscila Jazmin,Díaz,26614291,1983-12-15,2022
Julieta Agustina,Abadía,35574479,1988-04-06,1162
Brenda Abigail,Rotundo,37741907,1997-09-07,6283
German,Casares,37901437,1994-09-09,7928
Axel Rodrigo,Pedone,28505677,1985-06-25,6006
Kevin Joel,Jiménez,24327623,1989-09-06,3449
Micaela Soledad,Nari,31650732,1984-07-20,616
Jose Fernando,Vasile,34851496,1986-12-01,8680
Francisco Ezequiel,Arellano,38505127,2004-03-28,6706
Franco Javier,Carrizo,38896159,1985-04-16,3613
Federico Nahuel,Ibáñez,20133815,1986-05-05,7881
Kevin Alejandro,Sánchez,21198119,1994-12-23,3238
Nicolas Daniel,Fernández,28230304,1994-06-05,2766
Priscila Ailen,Godoy,22373894,2000-07-08,3878
Maria Elena,Pineda,38553082,1981-07-20,3229
Cristian Alejandro,Lorenzo,26286226,2000-03-25,8685
Celeste Milagros,Marini,27836779,1986-08-13,5547
Priscila Nicole,Borges,27112270,2001-01-24,4893
Maximo Joaquin,Hoffmann,25111029,1981-07-09,7822
Micaela Aylen,Schapira,24597499,1995-05-24,9411
Ezequiel Nicolas,Silva,25757612,1992-07-29,8288
Rocio Jazmin,Pedone,24599786,1983-04-09,3853
Candela Guadalupe,Mora,23179031,1992-10-07,3490
Franco Lautaro,Arellano,34924047,1983-11-15,4613
Maria Mercedes,Vargas,30149873,1994-01-05,2019
Axel Sebastian,Farías,22267371,2002-08-17,9337
Kevin Ariel,Marchi,25705112,2000-12-20,167
Candela Ailen,De León,26661575,2003-05-16,600
Brandon Ezequiel,Varela,30733612,2004-05-24,5167
Juan Ramon,Farina,28509540,2001-10-14,1457
Angeles,Vera,28263509,1989-04-29,8655
Axel Benjamin,Marín,21236132,1985-06-29,2925
Faustina,González,35580538,1987-03-19,7473
Axel Emanuel,Morales,33570714,1998-11-04,8859
Alina,Demichelis,38106009,1994-07-01,1318
Paula Valentina,Huergo,36485189,1982-08-15,6713
Thiago Daniel,Salazar,28109279,1988-01-08,2298
Sabrina,Pereyra,35065069,1997-07-29,8913
Nicolas Nahuel,Marín,27668971,1982-12-22,710
Pablo Daniel,Hidalgo,34721204,1986-12-05,2296
Nicolas Andres,Mariani,27483967,2000-12-09,5237
Maria Antonella,González,30920537,1996-01-25,5876
Martina Pilar,Pereyra,36639593,1983-11-29,7405
Bautista Ezequiel,Mora,22507991,1982-11-05,3121
Lara Agustina,Godoy,20051190,1981-07-23,6558
Joaquin Ariel,Jiménez,39590844,1984-01-16,7595
Tomas Uriel,Martínez,24548734,1989-02-02,1407
Lautaro Maximiliano,Galán,30631051,1985-01-20,6460
Santiago Román,Scanone,33071617,2002-02-13,5994
Valentina,Sotomayor,24700964,2003-12-03,160
Santiago,Arellano,22270209,1993-06-14,4671
Martina,González,32716489,2003-02-16,3466
Joaquin,Leal,24570375,1997-09-19,9575
Juan Ignacio,Rojas,22603713,1988-12-12,5833
Sofia,Marchi,23414338,1981-05-30,6135
Tomas,Rosso,31796811,1994-01-17,122
Bautista,Godoy,30309162,1990-07-04,1554
Mateo,Fazzi,22926070,1994-07-06,7296
Catalina,Mamani,31175400,1993-08-27,6640
Benjamin,Amenedo,37769219,1980-04-06,5024
Agustin,Salvador,33211193,2002-09-04,2839
Santino,Surace,29264970,1992-04-28,4901
Juan Cruz,Arredondo,27814477,1987-07-08,3592
Camila,Rómulo,21909181,1993-06-07,5406
Francisco,Mancuso,22404947,1992-03-02,5446
Ignacio,Marín,24877228,1992-04-25,3470
Lautaro,Portillo,24559623,1987-06-27,670
Juan Pablo,González,23329652,1984-08-06,834
Valentino,Demichelis,29898890,1997-06-01,304
Lucia,Rosso,26739150,1994-12-26,2981
Delfina,Rojas,35993729,2001-07-04,9848
Agustina,Galán,32397963,1986-08-03,7576
Abril,Valenzuela,20492181,1981-04-28,5312
Victoria,Marino,31174051,2002-08-05,601
Guadalupe,Rebollo,29059780,1998-08-26,4357
Nicolas,Saldaña,26256680,1981-12-04,9726
Valentín,D'Elia,36956986,1992-08-26,8608
Julieta,Scanone,27429214,2002-07-24,4448
Morena,Marchi,34814441,1991-05-11,1078
Candela,Jiménez,21973034,1991-01-10,4094
Milagros,Marchi,33632558,1991-11-24,194
Facundo,Huarte,37550059,2002-04-26,2130
Matias,Huergo,29414164,2004-08-09,6771
Maria Victoria,Nave,26805668,1983-08-29,5692
Josefina,Hoffmann,37581498,1992-02-29,4423
Franco,Fernández,33493812,1998-01-21,8166
Juan Manuel,Castillo,38471407,1980-04-03,639
Felipe,Hernández,24521908,1986-02-13,6320
Juana,Goicochea,21004223,1982-11-21,1815
Lucas,Sosa,26337684,1993-01-28,5001
Maximo,Muñoz,34876561,1988-03-17,6868
Pilar,Leiva,32105317,2001-08-08,4066
Juan Bautista,Rotundo,33437374,1995-07-03,3758
Lautaro Ezequiel,Delgado,30262760,2002-05-17,8485
Thiago,Amenedo,23242357,1980-01-14,9559
Malena,Mejía,27906530,1985-05-20,7143
Lola,Mancuso,37134407,1989-12-18,9290
Mia,Pedone,26610420,1989-12-19,4325
Santiago Nicolas,Leal,25456929,2002-03-01,170
Matias Ezequiel,Ramírez,26562427,1984-11-26,95
Martin,Nari,30441190,1988-09-14,2482
Ana Paula,Carranza,21165338,2003-03-09,7781
Tomas Agustin,Casares,22449844,1985-03-26,2443
Manuel,Loreto,25335451,1999-06-13,5735
Agostina,Surace,39236522,1987-11-11,1271
Ramiro,Rodríguez,28748664,2004-05-04,9796
Constanza,Martínez,29755589,2002-02-05,4054
Maria Belen,Salem,34299497,1994-04-27,9124
Luca,Pedone,38309000,1990-09-11,9015
Bruno,Contreras,31770222,1984-08-20,2528
Micaela,Castillo,22029489,1984-09-14,2174
Lara,Casas,31277358,1988-11-01,6570
Federico,Huergo,31362451,1988-08-30,2274
Lautaro Agustin,Huarte,37893071,1994-12-09,5409
Julian,Álvarez,37722923,1985-08-18,3183
Lautaro Nicolas,Rivas,23700109,1986-10-02,2121
Bianca,Silva,30349606,1988-05-27,2242
Tobías,Salamone,34892174,1993-02-18,9961
Renata,Varela,21602274,1999-09-22,1908
Pedro,Gutiérrez,26876964,2001-07-26,2084
Gonzalo,Muñoz,32986408,2002-02-23,547
Sofía Belén,Fazzi,28201606,1980-10-19,9763
Lautaro Benjamin,Loreto,39999344,1983-11-08,4558
Florencia,Díaz,30801053,2001-01-16,4473
Juan Gabriel,Godoy,23659916,1980-05-27,5774
Rocio Belen,Hernández,21239187,1981-12-28,121
Lautaro Nahuel,Farías,34544262,1982-05-02,2381
Miguel Angel,Espinoza,29660403,1983-05-04,142
Santiago Agustin,Basile,33918389,2002-12-15,1044
Sebastian,Espinoza,20651633,1996-09-04,7474
Emilia,Castillo,36155515,1987-11-02,7091
Jazmin,Hoffmann,33810409,1991-12-09,6514
Clara,Santana,31242259,1996-03-31,5069
Camila Belen,Lorenzo,30254991,1998-03-02,2190
Jeremias,Vasile,29459836,1998-09-20,6417
Mora,Rosso,35933476,1981-11-03,6980
Luciano,Mariani,20109425,1989-03-11,5898
Alejo,Borges,29630966,2002-05-17,7338
Julia,Fazzi,35310940,2000-05-20,5731
Maria Valentina,Basile,28623081,1985-02-19,4790
Rocio,Farina,39494063,1988-12-01,7785
Antonella,Sala,20936191,1993-01-26,3041
Simon,Huarte,28525940,1994-12-09,4406
Maria Sol,Zambrano,21138383,1995-11-23,130
Lucas Ezequiel,Villalba,36096362,1992-06-13,5103
Maria De Los Angeles,Vera,36250604,1980-04-03,3767
Guillermina,Galán,37703631,1987-05-23,870
Valentina Abril,Pineda,22716406,2001-12-13,8183
Matias Nicolas,Díaz,34774140,1992-12-31,977
Paloma,Casas,31289605,1980-11-12,123
Maria Emilia,Carrizo,30024417,1986-02-02,1296
Juan Martin,García,30492865,1996-07-18,9730
Ezequiel,Mora,39164090,1991-01-04,7589
Facundo Nicolas,Goicochea,27650652,1982-11-07,41
Paulina,Fornerón,23757464,1983-10-14,4021
Maria Jose,Pavón,31946203,1998-02-04,2170
Juan David,Loreto,32233307,1990-11-04,6423
Lautaro Gabriel,Fornerón,23958863,1999-06-11,6364
Juan Jose,Espinoza,31733013,1986-01-15,3645
Tiziano,Rebollo,36957744,1992-05-13,9724
Lorenzo,Surace,37220929,2002-10-08,4535
Santiago Ezequiel,Jiménez,27617502,1982-05-16,3003
Maria Luz,Delgado,36093399,1981-03-07,3574
Lourdes,Sala,37258339,1984-11-30,2646
Agustin Ezequiel,Basile,21719409,1995-10-15,1484
Angelina,Salem,23091494,2003-09-22,5412
Ludmila,Sberna,38305296,1998-12-13,5683
Maria Paz,Schapira,26781500,1986-03-13,1411
Priscila,Fava,35298266,2002-07-16,1998
Milagros Belén,Salem,36322791,1980-12-31,9113
Marcos,Sojero,34178899,1998-12-21,3780
Nahuel,Nessi,32655355,1989-10-29,3353
Milena,Rotundo,20279498,2002-06-18,5383
Luciana,Quispe,30214759,2001-02-03,9177
Agustina Belen,Rómulo,36215037,1990-03-24,8788
Tomas Ezequiel,Rojas,35445696,1991-07-30,7339
Nicolas Agustin,Mora,27320919,2002-02-02,1356
Giuliana,Lorca,36950262,1995-02-26,7067
Santiago Gabriel,Castillo,33616075,1999-05-31,9365
Juliana,Goicochea,22767822,2000-09-09,5838
Ivan,Hoffmann,35343460,2000-09-07,2704
Maximiliano,Pavón,27820596,1995-03-22,2967
Maria Guadalupe,García,33997382,1981-07-08,1665
Isabella,Carranza,37019122,2002-12-03,5804
Santiago Tomas,Farina,24101523,1995-07-02,3026
Angel Gabriel,Arellano,30738355,1998-04-25,8081
Jose Luis,Rotundo,36014166,1991-12-12,1298
Santiago Nahuel,Mejía,29595399,1980-12-05,7472
Gabriel Alejandro,Villalba,35257326,2000-12-19,7067
Tiago,Rotundo,37829685,2000-06-07,3582
Joaquín Ignacio,Mariani,26658963,2001-02-12,1038
Carolina,Sala,26125784,1996-05-07,1109
Candelaria,Rivas,21403214,1998-06-28,4123
Octavio,Marchi,39761133,1994-06-23,5378
Jose Ignacio,Lorca,34161868,2001-11-05,6423
Sol,Pavón,30652538,1991-02-10,6035
Juan,Benítez,24888061,1994-01-11,9528
Lucia Belen,Santana,29676362,1992-09-11,5347
Dante,Sánchez,38447273,1998-09-27,7050
Franco Ezequiel,Zambrano,31441381,1995-05-11,8464
Lucas Gabriel,Arellano,22324006,1997-03-26,9808
Lautaro Joaquin,Fernández,20719274,2000-07-01,1158
Juan Francisco,Martínez,31843373,1990-05-23,3116
Geronimo,Santos,37846958,1999-01-31,6744
Emiliano,Sberna,39152960,1996-04-05,5695
Emma,Farina,35717867,1995-03-18,8630
Gabriel,Morales,34070633,2002-10-20,8146
Maria Agustina,Pavón,26854754,1988-05-28,5678
Agustin Nicolas,Quispe,25062919,1980-10-03,1955
Olivia,Santana,21188832,1982-01-19,7330
Rodrigo Alejandro,Hernández,21794852,1994-08-20,5395
Nicolas Ezequiel,Castro,39307896,1989-01-16,142
Maria Eugenia,Espinoza,27300746,1990-08-04,3690
Joaquin Ezequiel,Raimundo,21220765,1994-10-13,4982
Lautaro Daniel,Farina,21746042,1982-09-09,6731
Juan Carlos,Espinoza,39588353,1990-10-30,2292
Maia,Andrade,23108523,1994-07-24,3137
Milagros Valentina,Nari,39451095,1999-01-18,4556
Milagros Abril,Mariani,39681832,1988-06-23,8339
Franco Agustin,Nessi,22235261,1987-04-11,757
Brisa,Benítez,34572405,1990-08-21,2659
Leonel,Salvador,30891033,1989-11-21,9503
Zoe,Pereira,37663763,1992-07-16,5079
Augusto,Marino,24437253,1997-07-12,933
Lisandro,Huergo,33406059,1983-01-20,1822
Abigail,Morales,21525842,1997-11-10,4353
Lucio,Sosa,28245615,1999-01-01,9656
Alma,Vera,21225228,1994-11-10,1829
Amparo,Mariani,35953934,2002-05-19,2944
Facundo Ezequiel,Reyes,34306045,1988-07-30,9145
Salvador,Gonzales,21125689,1989-05-15,7408
Rodrigo,Mamani,24311860,2000-10-18,9336
Thiago Agustin,García,28195428,1999-01-13,4060
Matias Nahuel,Salem,28018588,1994-07-15,7676
Franco Nicolas,Abadía,20383479,1987-04-14,7060
Gonzalo Ezequiel,Soto,31922584,1988-11-09,894
Ignacio Agustin,Rómulo,23540383,1989-10-21,2308
Lautaro Leonel,Marchi,35866547,1995-05-02,8074
Magali,Pereira,39631600,1981-04-06,5895
Matias Agustin,Nessi,23419133,1982-04-11,8241
Santiago Benjamín,López,32922437,1984-12-10,4780
Milagros Ayelen,Gómez,21081712,1981-03-31,6150
Milagros Abigail,Leiva,32925749,1994-07-14,1458
Tiziana,Álvarez,29104079,2001-12-28,9272
Maitena,Duarte,39105380,1992-03-18,7161
Santiago Ariel,Rotundo,34958312,1999-10-31,2127
Tatiana,Silva,29445969,1988-10-28,8337
Valentina Abigail,Gómez,28495876,1984-02-10,3820
Maria Milagros,Delgado,26322581,1995-01-30,7012
Tomas Benjamin,Casas,21819997,2001-08-16,7975
Santiago Martin,Rosso,31654184,1990-07-09,1026
Rodrigo Ezequiel,Vasile,30519190,1981-12-11,9678
Melina,Pavón,21011956,2004-03-24,5926
Paula,Nari,27407772,2000-09-01,8717
Violeta,Rivas,33871286,1997-07-13,8530
Franco Nahuel,Gómez,27485171,1982-10-24,3032
Luisina,Leiva,30687840,1994-12-11,1015
Maria Pia,Ibáñez,36958357,2000-12-27,3342
Ana,Villalba,36340056,1990-12-16,3105
Lucas Agustin,Farías,30406644,1991-06-29,304
Maria Lujan,Marín,34615597,1999-06-24,5686
Milagros Agustina,Abadía,23597062,1990-04-28,3893
Mateo Nicolas,Gutiérrez,31427782,1984-06-13,3912
Matias Gabriel,Basile,26752634,1983-12-25,8632
Jeronimo,Arellano,23699918,1981-08-15,8625
Facundo Nahuel,Gutiérrez,22202172,1991-01-30,6729
Facundo Gabriel,Rómulo,25054329,2001-11-29,9147
María Florencia,Borges,29298072,1992-11-19,6799
Mariano,Surace,24831993,1982-07-09,2706
Luna,Pedone,27459173,1981-11-07,3845
Trinidad,Rotundo,30756298,1998-05-18,12
Milagros Aylen,Mejía,31717285,1999-12-26,3598
Matias Alejandro,Rómulo,26118121,1991-04-24,8362
Santiago Daniel,Casares,35184350,2003-07-09,8727
Ludmila Abigail,Santana,34237553,1992-09-14,929
Kiara,Rivera,29076589,1992-02-02,2545
Alejandro,Pérez,21466655,1994-06-25,8990
Thiago Nicolas,Lorenzo,36991123,1984-10-07,1478
Emanuel,Gutiérrez,38390301,1998-02-06,404
Santiago Leonel,Nari,32672485,1988-08-31,2331
Axel Gabriel,Rojas,28255927,1984-07-27,8922
Benicio,Pereyra,39449400,1985-01-31,4365
Francesca,Mejía,35338371,1998-04-11,3761
Sofía Valentina,Demichelis,32751678,1984-03-02,5911
Juan Sebastian,De León,34785566,1999-05-23,5448
Ignacio Nicolas,Lorca,25387007,1981-03-20,2257
Lautaro Tomas,Nari,30307822,1980-09-14,1536
Lucas Nahuel,Sorbera,37596769,1996-05-14,4191
Lucila,Santos,24492075,2002-08-17,6760
Maria Celeste,Zambrano,29171527,1997-01-30,5826
Valentina Belén,Totora,35063577,2000-01-13,9729
Priscila Abigail,Vera,29697791,1990-06-19,695
Lautaro Valentin,Schapira,20416705,1981-06-06,8986
Ciro,Varela,28045442,1989-03-07,1018
Lautaro Emanuel,Goicochea,37633163,1993-07-03,7508
Thiago Benjamin,Jiménez,29958857,1992-09-07,619
Luis Fernando,Raimundo,21990600,1980-08-16,5152
Maria,Totora,28162560,1984-05-23,5101
Alvaro,De Luca,21437407,1994-08-14,4918
Candela Abigail,Mariani,39261230,1997-09-23,6384
Joaquin Alejandro,Scanone,30240395,2001-08-20,5026
Genaro,Morales,35148576,1980-01-29,6306
Magdalena,Salamone,39663971,2003-06-16,7904
Agustin Alejandro,Borges,32132210,2000-04-19,4827
Santiago Valentin,Pedone,24523888,1985-09-02,1964
Santiago Emanuel,Agüero,22971170,1994-08-21,9585
Santiago Joaquin,Galán,35950520,1985-05-23,185
Martin Alejandro,De Luca,33549894,1985-06-04,1732
Thiago Nahuel,Varela,39556044,1984-02-14,6946
Mateo Benjamin,Ramírez,26150767,1997-10-28,1205
Franco Gabriel,Castillo,21242235,1998-09-23,3417
Facundo Agustin,Loreto,22752689,1996-12-25,2016
Lautaro Sebastian,Álvarez,21553651,1986-10-11,154
Milagros Soledad,Vargas,20230345,1996-12-22,4024
Ana Laura,Vasile,26406569,1984-04-28,7687
Lautaro Martin,Nessi,39286730,1990-02-18,1161
Celeste Abigail,Sorbera,39828029,1986-11-13,3484
Nicole,Leal,38667244,1988-07-23,5584
Abril Agustina,Lorenzo,29513131,1988-08-24,3519
Nicolas Alejandro,Mejía,23697491,1980-11-23,4850
Lucas Daniel,Mora,39750989,2000-06-05,4681
Micaela Belen,Pineda,31074253,1985-09-08,7620
Chiara,Pereira,34102803,1999-05-23,7620
Victoria Abril,Agüero,34721271,2003-09-26,9147
Manuela,Amenedo,31413474,1987-01-02,9390
Ulises,Galán,35610892,2000-12-13,8346
Franco David,Castro,21334188,1985-11-18,3447
Santiago David,Giménez,38697303,1984-07-05,7583
Tomás Valentin,Rivera,30074197,1980-05-30,6168
Gonzalo Nicolás,Fazzi,30883748,1989-07-12,1368
Uriel,Delgado,39895291,1988-04-28,505
Joaquin Nicolas,Farías,24148104,1990-04-29,1208
Thiago Valentin,Castillo,36785572,1989-07-14,4929
Román,Sberna,31807792,1997-05-30,7362
Luciano Gabriel,Ibáñez,36552084,1991-03-31,3356
Camila Aylen,Mora,28665297,1986-06-08,4837
Mia Valentina,Mejía,23119794,1992-07-09,6788
Thiago Ezequiel,Mamani,33525329,1980-05-06,3030
Fiorella,Fazzi,22974168,1988-08-14,9940
Celeste,Vasile,39709179,2004-07-25,6466
Avril,Moreno,29462677,2000-11-17,6144
Luciano Nicolas,De León,24680396,2003-08-16,7586
Valentina Aylen,Rebollo,25055220,1983-10-01,3626
Martina Belen,Rotman,39060720,1993-04-03,4041
Tomás Alejandro,Jiménez,20815687,1998-08-25,8088
Martin Ezequiel,Pereyra,33967229,1981-11-09,230
Luciano Agustin,Silva,22862540,2001-01-24,4794
David,Huarte,34346652,1985-12-22,4396
Mateo Agustin,Sorbera,35194757,1982-11-03,7768
Candela Belen,Leiva,25492596,1998-07-10,8085
Franco Leonel,Lorenzo,37892718,1999-06-12,5767
Kevin,Scanone,38334840,1990-05-08,1793
Ludmila Ayelen,Rotundo,26074866,1997-09-10,9718
Abril Valentina,Rotman,28412232,1990-05-20,1964
Felicitas,Pérez,26667435,1997-09-09,3507
Camila Ayelen,Rojas,26759387,1997-02-21,7315
Marcos Gabriel,Rebollo,29364515,1980-05-24,6357
Nahuel Agustin,Loreto,39691217,1996-12-14,3522
Julieta Valentina,Vera,33770581,1997-03-09,6899
Candela Agustina,Rómulo,37826921,1997-02-14,1010
Kevin Ezequiel,Salvador,21967958,1987-08-30,2883
Luciano Ezequiel,Marino,39189124,1998-10-13,6332
Andres,Fornerón,24421799,1990-11-15,6964
Leonel Agustin,Zurich,37483492,1998-09-17,6120
Ian,Sánchez,28537512,1994-08-09,8611
Braian Ezequiel,Morales,31057428,1989-10-28,2321
Valentina Milagros,Sojero,34155346,1986-04-09,1113
Rocio Milagros,Fazzi,23363850,2001-06-04,8384
Axel Uriel,Pereyra,24254697,1994-04-28,2617
Milagros Ailén,Espinoza,23232223,1981-10-11,736
Fausto,Leal,34706425,1997-09-03,9538
Tadeo,Reyes,21446230,1991-06-02,3475
Daniel Alejandro,Lorenzo,22391202,2001-09-30,8237
Axel Nahuel,López,29319564,1988-01-20,8905
Camila Agustina,Amenedo,23913811,1988-05-28,7623
Luz Milagros,Fazzi,23410228,1997-12-18,5079
Luana,Giordano,31228416,1989-11-07,4930
Matias Leonel,Vasile,39793463,1997-03-06,7790
Ornella,Mora,24957424,1989-09-13,2207
Enzo,Ramírez,26012353,1998-09-19,344
Brian Ezequiel,Leal,36564119,1984-02-10,7392
Ludmila Belen,Fernández,31797489,1992-03-11,7105
Belen,Carranza,25184913,1998-05-14,9481
Gaspar,Carrizo,33868033,1995-10-02,5653
Lionel,Schapira,31009632,1991-10-19,7138
Uma,Raimundo,35385959,1994-11-09,5952
Nicolas Gabriel,Sosa,30079578,1985-02-09,3569
Oriana,Pineda,38990428,1980-09-07,4427
Ignacio Gabriel,Delgado,28902377,1997-07-17,3331
Justina,Rómulo,24472654,1987-11-30,7555
Sofia Magali,Silva,35430969,2002-10-08,9456
Lucas Martin,Rosso,23200213,2000-09-20,7762
Alexander,Silva,25011439,2003-09-01,4446
Ignacio Joaquin,Santos,24960835,1986-04-10,6806
Leandro,León,31151828,2003-08-12,4661
Sofia Micaela,Ibáñez,36060437,1981-03-11,4537
Luz Maria,Marino,35353006,1999-05-20,7271
Matias Benjamin,Sánchez,29085510,1989-11-09,1078
Rosario,Goicochea,23988967,1991-06-28,1821
Axel Leonel,Pavón,29814840,1995-05-26,5328
Candela Abril,Gonzales,27317862,1991-10-12,7335
Gonzalo Agustin,Rivera,39379961,1991-02-18,4706
Rodrigo Nicolás,Fava,28903579,2000-04-30,8501
Thomas,Surace,23613171,1994-08-23,3717
Ana Clara,Quispe,22452397,2002-08-06,8340
Fabricio,Marín,35164845,1996-12-15,5246
Brisa Abigail,Martínez,29776013,1990-06-20,4067
Axel,Delgado,28821400,1995-07-21,2540
Maria Del Pilar,Sosa,31213545,1992-10-19,2572
Gianluca,Jiménez,26739208,1981-12-01,4166
Fermín,Gutiérrez,25661683,1983-07-03,4065
Iara,Huergo,29828035,1985-04-17,6746
Tomas Gabriel,Castro,23568055,2000-02-22,494
Julieta Belen,Salvador,23850353,1988-12-22,7033
Lautaro David,Marín,39176434,1998-04-24,6522
Axel Fernando,Salem,38814341,1987-03-28,3692
Sofia Victoria,D'Elia,37665653,2000-09-21,2228
Ambar,Fernández,20186002,1988-03-17,1178
Pablo Ezequiel,Benítez,33884641,1981-06-01,1389
Juan Andres,Galán,27445724,1993-09-16,2707
Ana Belen,Castillo,30278834,1994-01-22,7679
Sofia Aylen,Salem,36980481,2002-07-08,9866
Alan Gabriel,Contreras,33653859,1981-01-05,6217
Lucas Leonel,Zurich,30095600,1999-03-26,3602
Maximiliano Ezequiel,Delgado,31612248,1993-01-05,4786
Camila Abigail,Casares,21163432,1982-07-03,9892
Candela Valentina,Contreras,28685976,1988-04-18,6410
Nahuel Alejandro,Rómulo,33672672,1990-02-05,4396
Gabriel Agustín,Huergo,34247366,1980-09-25,129
Benjamín Ezequiel,Nave,24681576,1981-11-16,4650
Matias Daniel,Scioti,25122992,1983-09-22,2454
Lucas Ariel,Soto,27436201,1982-10-17,1968
Tomas Ignacio,Sotomayor,38551057,1992-08-28,7061
Alan Ezequiel,Vargas,23882364,1985-07-31,4615
Sara,Hidalgo,39419920,1982-12-05,4930
Camilo,Gómez,31554926,1986-09-27,6859
Agustina Micaela,Pedone,35191552,1994-03-08,9079
Facundo Daniel,Mariani,24783557,1990-03-18,1002
Lourdes Valentina,Giordano,31733420,1994-08-06,2436
Gaston,Sotomayor,29172362,1988-08-20,1595
Francisco Javier,Contreras,29910204,1990-12-31,2712
Candela Milagros,Díaz,33366436,1980-03-26,8492
Sofia Milagros,Huergo,35262399,1981-10-13,7986
Maria Candela,Demichelis,35000404,1997-07-07,7095
Lucas Emanuel,Rivas,31407491,1994-07-04,1817
Fernando Jose,Galán,32110465,1999-11-11,942
Daniel,Godoy,31604255,1989-12-06,5876
Nazareno,Fazzi,23365230,1997-08-08,5213
Florencia Belen,Mariani,37075990,1985-03-09,5033
Mateo Ezequiel,Ramírez,37459683,1985-08-29,589
Luciana Belen,Godoy,33724597,1992-03-27,5017
Benjamin Alejandro,Morales,35548873,2003-05-05,7392
Matias Ariel,León,26922406,1996-05-31,515
Brisa Aylen,Surace,35112925,1984-08-29,5638
Santiago Alejandro,Huarte,25972754,1992-02-21,4660
Virginia,Casas,29604182,1988-10-21,9155
Facundo Ariel,García,26441487,1982-01-04,3483
Martina Abril,León,20479877,2004-06-19,4316
Tobias Ezequiel,Borges,38205196,2000-10-17,4486
Macarena,Vargas,34849279,1996-02-18,2764
Ariana,Nari,35810406,1993-03-08,4701
Thiago Gabriel,Marín,34020899,1998-03-19,8381
Lautaro Alejandro,Rojas,36517790,1981-01-17,5541
Lautaro Uriel,Farina,38059966,2003-10-20,9099
Ines,Raimundo,39769447,1988-07-18,1471
Ariel,Sánchez,28333589,1997-11-06,583
Maria Josefina,Saldaña,26315533,1985-01-28,2108
Patricio,Farina,27475841,1986-06-24,2155
Gonzalo Gabriel,Valenzuela,28460721,2004-07-03,6286
Lucas Nicolas,Raimundo,23759484,2004-05-27,5293
Maria Fernanda,Carrizo,34704025,1991-10-29,5553
Rafael,Rojas,29225121,1983-11-07,7717
Rodrigo Nahuel,Agüero,29991149,1987-01-06,2743
Luisana,Sánchez,23999732,1985-06-30,4799
Leonel Alejandro,González,23207170,1997-09-21,447
Rocio Abigail,Pedone,30302135,2002-03-13,4346
Gino,Nave,39191874,1980-05-22,288
Joaquina,Amenedo,30287583,1997-03-05,8903
Marco,Rebollo,26148818,1986-09-27,9320
Lautaro Javier,Álvarez,23387094,1981-11-20,378
Celina,Surace,36498280,1992-02-26,6887
Ludmila Aylen,Castillo,25041091,1998-03-03,8835
Alexis Ezequiel,Ramírez,31793181,1983-12-06,7600
Thiago Joaquin,Vargas,35813760,1984-08-17,398
Alexis Gabriel,Sosa,31790645,1997-04-06,8342
Federico Agustin,Casas,23645571,1993-09-10,6375
Lara Valentina,Huergo,38751752,1988-09-08,1740
Florencia Agustina,Gonzales,24653761,1990-05-23,2039
Maria Pilar,Salamone,30977924,1985-12-07,9408
Santiago Andres,Andrade,23210720,1996-05-24,9330
Camila Milagros,Silva,31192949,1994-01-22,270
Franco Daniel,Loreto,21926396,2001-09-07,6286
Marcos Agustin,Nessi,25893427,2001-11-08,1464
Ana Lucia,Marino,27860185,1982-01-26,8180
Thiago Uriel,Totora,31858524,1990-06-03,3519
Santiago Javier,Salazar,35201451,1998-03-28,5797
Marco Antonio,Sojero,34751610,1984-09-24,9592
Ana Luz,Pineda,38671393,2002-02-14,532
Rodrigo Sebastian,Fava,36147589,1989-08-11,6713
Maria Paula,González,34393543,1996-04-22,7734
Rocio Micaela,Borges,33279336,1997-04-05,8884
Camila Abril,Álvarez,27052466,1983-07-02,5229
Milagros Guadalupe,Morales,30920541,1991-07-01,3101
Valentina Magali,Pinedo,30771082,1991-03-22,137
Kevin Nahuel,Sánchez,21854349,1988-02-28,2082
Francisco Nicolas,Borges,35378137,1987-05-27,7731
Micaela Ayelen,Huergo,39328559,1984-01-30,7713
Maria Del Rosario,Lorenzo,37263275,2003-02-13,4105
Martin Nicolas,Sala,24248185,1997-07-18,7083
Federica,Rotman,21533513,1985-10-08,8438
Facundo Tomas,López,25790201,1985-11-18,1648
Santiago Uriel,Gómez,39135395,1992-09-02,6818
Carlos Daniel,Pereira,36459872,1998-05-28,7414
Lucas Sebastian,Scanone,31829503,1983-03-23,9033
Axel Ezequiel,Sosa,33029895,1987-12-21,8459
Mateo Joaquín,Mejía,36138635,1982-10-13,4835
Leandro Ezequiel,Abadía,27406896,1980-08-11,1525
Ludmila Milagros,Rotman,39689824,1993-06-09,852
Lautaro Ariel,Benítez,20994371,1990-07-03,6942
Diego,Fornerón,23173490,1989-09-10,2521
Julio Cesar,Surace,31166558,1999-06-02,5749
Vicente,Sojero,27612440,2001-11-23,3246
Francisca,Delgado,39772411,2002-03-30,1356
Mariana,Fazzi,30068494,2001-04-01,7477
Luis Alberto,Santos,33184387,2003-04-09,5927
Rocio Ayelen,Benítez,24707113,1994-07-21,1815
Fernando,Muñoz,24622375,2000-10-11,9706
Ema,Valenzuela,37670422,1988-07-04,9928
Alexis Nahuel,Reyes,37199749,1997-10-14,5426
Ignacio Ezequiel,Farina,26890855,1988-09-28,1651
Milagros Lujan,Giordano,32175552,1984-06-28,3334
Kevin Agustin,Rodríguez,22356914,1985-12-06,9868
Facundo Leonel,Demichelis,27177055,1998-05-26,5204
Abril Agostina,Nave,33639594,1985-09-15,2599
Maite,De Luca,35098630,2001-04-11,2629
Sebastian Alejandro,Demichelis,22950047,2000-12-10,5413
Dylan Ezequiel,De León,32155561,1989-12-11,1336
Maria Constanza,Hidalgo,32461468,1983-04-29,3418
Maximiliano Gabriel,Marino,27645547,1988-08-26,4804
Daniela,Mamani,20832027,1994-12-23,9125
Lucas Benjamin,Martínez,29519018,1994-07-14,9557
Lautaro Jesús,Saldaña,27674801,1980-04-27,1078
Lucas Joaquin,De Luca,38335064,2004-08-18,8039
Thiago Leonel,Salvador,31930389,1984-12-08,9257
Axel Daniel,Castro,30795468,1982-11-10,7557
Azul,Amenedo,23105911,2004-07-08,8195
Sofia Abril,Salem,24858187,2002-10-19,7283
Milagros Micaela,Rojas,20964961,1991-09-05,6326
Milagros Magalí,Pérez,37722862,1980-03-30,5965
Maria Lucia,Farías,32920368,1997-02-12,8574
Marcos Ezequiel,Vasile,20772932,1985-05-07,8603
Lucas David,Rebollo,34776793,1999-07-20,7781
Axel Agustín,Rosso,34449091,1994-10-10,2856
Gonzalo Nahuel,Rotundo,21100568,1985-02-13,2335
Thomas Agustin,Vera,23202636,1988-06-18,5
Franco Tomas,Agüero,29036243,1986-07-24,2869
Florencia Abigail,Hernández,31541329,1994-01-21,5054
Maximo Agustin,Salazar,20802552,1983-02-21,2903
Camila Soledad,Leiva,32190743,1980-06-08,2457
Luciano Benjamin,León,23918222,1992-11-03,3398
Bautista Nicolas,Casares,21352582,1993-02-01,2201
Fabrizio,Soto,20394445,1994-01-06,3995
Alfonsina,Pereira,27092857,1992-01-17,7494
Lautaro Exequiel,Ibáñez,28622775,1982-06-21,2261
Leonardo,Huarte,25453079,1999-12-28,1389
Mateo Valentin,Casas,31504303,2004-07-14,7936
Juan Agustin,Santos,20740647,1997-01-12,8297
Brisa Ayelen,Sojero,33957727,1993-04-11,8979
Laureano,Pinedo,27235311,1996-01-27,6382
Lautaro Damian,Fazzi,31488720,1999-09-04,6460
Leandro Nicolas,Farina,25501061,1984-06-10,6948
Matias Sebastian,Zurich,34066419,2003-06-13,8916
Francisco Agustin,Castro,37351867,1986-01-17,8257
Carola,Salem,37777962,1996-04-22,7145
Elias,De Luca,35652532,1999-12-23,7710
Rocio Guadalupe,Rivera,37889603,1988-06-13,4589
Ignacio Benjamin,Maradona,20283248,1984-12-30,7823
Maria Laura,Hoffmann,20379409,2001-05-03,2054
Facundo Emanuel,Fazzi,21558147,1998-03-19,3240
Facundo Martin,Portillo,32971913,1999-11-15,6193
Pablo Agustín,Pedone,20689282,1998-08-17,576
Agustina Milagros,León,34485421,1996-10-22,4494
Valentina Jazmin,Vasile,38023209,2002-09-18,9994
Sofia Ailen,Sorbera,24272984,1985-11-15,2301
Florencia Magali,Nessi,36193220,1998-12-23,7211
Valentina Guadalupe,Scioti,23532657,2000-03-20,3564
Kevin Nicolas,Vargas,25782959,1998-03-24,2541
Ana Sofia,Arredondo,33724433,1989-03-19,6394
Aylen,Leal,38393040,2004-04-01,7246
Thiago Lionel,León,25564299,2003-10-05,1012
Franco Emanuel,Giménez,33814845,1980-06-08,5693
Eugenia,Andrade,21609380,1989-12-14,3701
Rocio Magali,Pereyra,29873599,1990-05-30,2557
Valentina Luján,Salazar,21645564,1989-02-14,4680
Federico Nicolas,Raimundo,24472616,1985-11-21,9711
Morena Abril,Carranza,24165834,1988-11-20,9320
Candela Magali,Agüero,37491777,1990-09-02,8023
Aldana,Pinedo,35637878,1996-06-28,5419
Elias Ezequiel,Martínez,32768882,2003-01-25,2508
Tobias Benjamin,Valenzuela,30460902,1995-05-02,9851
Leandro Agustin,Sberna,26254244,1988-09-01,1056
Tomas Nahuel,León,28894711,1996-07-06,6445
Esteban,Carrizo,29926508,1982-12-25,1198
Tobias Agustin,Carranza,31799416,2000-04-29,1215
Matías Emanuel,Rebollo,31730652,1996-09-21,3
Lucas Santiago,Leiva,31184231,1989-05-22,492
Sofia Guadalupe,Saldaña,29273633,1983-03-09,1229
Ernestina,Huarte,21360666,1993-03-19,1430
Iñaki,Lorenzo,30286980,1981-01-01,2147
Julieta Abril,Zurich,37286710,1986-09-11,8984
Valentina Ayelen,Morales,33748065,1995-10-23,4121
Santino Nicolás,Huergo,24757817,1991-08-07,1007
Cristian Gabriel,Pavón,34823988,1983-05-17,3414
Tatiana Abigail,Nave,27164567,1992-03-06,7057
Giuliano,Silva,36837062,1989-01-15,5533
Jose Manuel,Mancuso,24964895,1992-01-28,4563
Santiago Ivan,Valenzuela,25844931,1992-03-16,5823
Rodrigo Agustín,Ramírez,38813854,1993-03-16,3280
Milagros Agostina,Farías,38892792,1994-02-22,2596
Ezequiel Alejandro,Marini,30403098,1996-12-12,6713
Jeremias Ezequiel,Arredondo,20090939,2000-05-12,1313
Maria Agostina,Huarte,39065401,1994-08-08,5805
Nahiara,Fornerón,26922008,1999-10-31,1888
Valentina Soledad,Loreto,35466529,1987-12-15,6926
Alan,Pedone,20465263,1989-08-30,7384
Candela Agostina,Jiménez,24483270,1986-09-16,5464
Abril Milagros,García,22799087,1997-08-05,8227
Mercedes,Andrade,22373055,1987-12-26,1664
Axel Nicolás,Pineda,25555208,1993-12-06,168
Santiago Jose,Huarte,33474449,1995-06-02,916
Juan Pedro,Saldaña,25733060,1980-09-03,2428
Agustin Gabriel,Reyes,39214114,1988-05-20,6680
Rocio Aylen,Reyes,30566216,1989-10-15,9825
Carmela,Maradona,28740986,1982-06-23,3458
Joaquin Andres,Loreto,27048643,1983-03-25,3306
David Ezequiel,Pinedo,37631206,2002-10-04,1116
Sofia Abigail,Villalba,23436844,1984-05-07,2625
Joaquin Gabriel,Hernández,33944624,1995-03-22,7461
Ludmila Magali,Demichelis,31618759,1995-04-04,8417
Francisco Jose,Vargas,34297306,1996-02-07,388
Nazarena,D'Elia,31488301,1993-09-03,5358
José Antonio,Espinoza,34173017,1989-08-29,4825
Luis Miguel,Borges,26854109,1991-12-27,5084
Ivan Ezequiel,Salem,29062320,1989-03-06,2512
Agustina Soledad,Zurich,33762909,1987-05-04,7411
Baltazar,González,31721344,1996-01-11,857
Jonathan Ezequiel,Marino,20801045,1986-11-21,718
Teo,Salazar,20675570,1997-12-22,4720
Sebastian Ezequiel,León,30487029,1990-11-27,2611
Tatiana Belen,Vasile,36369015,1987-03-13,399
Lautaro Lionel,Totora,29809435,1997-04-23,5173
Angel David,Sánchez,23734141,1985-02-10,390
Ignacio Martin,Gonzales,21015123,1987-09-16,2423
Luis Alejandro,Salamone,32031690,1995-05-03,4131
Priscila Ayelen,Schapira,26014864,1995-11-14,1747
Maria Candelaria,Quispe,25776040,1999-10-22,3825
Rocio Valentina,Duarte,28760310,1996-08-07,4202
Ramiro Agustin,Nave,31145956,1998-05-10,9367
Alexis,Demichelis,22404578,1986-10-29,8104
Jose Maria,Salazar,36589367,1998-12-09,8176
Carlos Gabriel,Muñoz,26511638,1999-01-26,3143
Thiago Martin,Hernández,23566564,1987-12-29,1267
Bruno Nicolas,Goicochea,21682000,1983-12-28,2144
Luciana Valentina,Portillo,33776768,1995-07-28,4679
Sofia Antonella,Fava,27603138,2002-12-22,493
Priscila Belen,León,20565838,2000-03-13,3866
Uriel Alejandro,Rivas,39535393,1980-02-10,2580
David Alejandro,Galán,21741028,1997-05-11,2865
Iara Valentina,Farías,32674812,1994-03-18,3990
Priscila Aylen,Sberna,33493237,1985-02-04,9698
Franco Sebastian,Pedone,39074267,1987-03-25,7538
Agustina Aylen,Rojas,24340809,1989-04-05,1760
Camila Ailen,Benítez,24647392,1995-05-27,56
Agustina Abigail,Giordano,30967718,1980-02-06,3204
Dylan Gabriel,Goicochea,36462258,1987-11-05,9301
Alejo Nicolas,Farina,29183356,1994-06-10,5989
Micaela Agustina,Rodríguez,30738006,1999-06-23,2795
Leandro Gabriel,Vasile,29619073,1987-07-27,4425
Dolores,Mora,25515537,1980-02-07,1552
Kevin Daniel,Surace,23309076,2001-05-17,1321
Maria Lourdes,Rosso,33223037,1986-04-05,4920
Elias Gabriel,De Luca,28174570,1980-05-01,3801
Francesco,Pereira,34062384,1989-03-10,6173
Rocco,Santana,20578868,1987-01-16,4877
Dylan Uriel,Marino,26671074,1997-11-06,8929
Brisa Milagros,Fernández,36342440,1980-03-05,2223
Bianca Valentina,Leal,22155226,1998-07-22,4936
Marcos Antonio,Fava,29676791,1984-05-07,2282
Tomas Joaquin,Hidalgo,27632176,1996-05-30,4877
Gonzalo Sebastian,Valenzuela,36987687,1990-07-10,8745
Tomàs Ariel,Sorbera,30867364,1995-04-05,1974
Axel David,Scanone,38703386,1981-02-15,4904
Agostina Belén,Pavón,39591344,1995-01-08,8571
María Magdalena,Nessi,22395390,2004-08-06,1645
Lourdes Abril,Scanone,34596137,1998-11-25,3419
Juanita,Rojas,29096240,1995-12-29,7209
Agustina Ayelen,Leal,25350831,1981-08-30,6547
Geraldine,Varela,20219439,1991-12-12,1602
Irina,Santos,31134511,1995-07-16,497
Ramiro Nicolas,Benítez,21769647,1982-03-29,6477
Mateo Gabriel,Álvarez,32001230,1989-09-02,7811
Milagros Anahi,Mancuso,30443161,1994-04-26,126
Iara Abigail,Godoy,34288497,1986-08-14,4814
Candela Jazmin,Schapira,20002566,1986-02-25,7689
Bruno Ezequiel,Marín,36439814,1996-08-04,7680
Brisa Magalí,Zambrano,31192940,1986-05-11,6046
Francisco Tomas,Agüero,20774732,1984-10-28,2951
Tomas Emanuel,Marino,24167077,1994-11-25,3429
Joaquin Uriel,Sberna,23694758,2003-04-27,7818
Maria Delfina,De León,37477419,2000-10-16,8980
Barbara,Vera,26779724,1992-02-19,3269
Santiago Ismael,Casas,38335176,1989-09-13,8502
Tobias Uriel,Santana,29829537,1999-06-28,8755
Ludmila Abril,Huarte,35321113,2002-08-01,3710
Leandro Nahuel,Godoy,24857241,1984-03-23,2257
Cristian,Ibáñez,38838908,1993-05-06,7088
Julieta Magali,Rosso,36909906,1986-06-26,3253
Fátima,Flores,30059814,1994-03-23,5974
Facundo Sebastian,Leiva,37568336,1999-04-12,8050
Gianfranco,Rivera,27241294,1994-08-17,3733
Fernando Gabriel,Silva,27373900,1997-06-08,796
Thiago Tomas,Duarte,36245970,2001-04-25,4024
Alejandro Gabriel,Flores,36188670,1991-06-25,1883
Sofia Agustina,Díaz,27956516,1992-11-29,5950
Agustina Abril,Gómez,24020889,1996-06-15,1093
Lucia Milagros,Castro,25596914,1996-09-23,698
Maia Valentina,Pinedo,24699258,1991-08-04,3482
Araceli,Loreto,34309012,1995-02-07,7076
Agustina Magali,Vasile,33273553,1994-05-25,5424
Morena Abigail,Sojero,28907080,1986-01-17,6668
Gonzalo Daniel,Quispe,33746885,2003-10-26,7362
Faustino,Pereira,33116102,1997-10-21,7237
Valentina Micaela,Pineda,26023411,2004-04-21,7543
Ignacio Valentin,Muñoz,38831366,1998-05-04,9757
Maria De Los Milagros,De León,23109275,1981-07-13,7357
Brian Nahuel,Reyes,34360653,1987-03-22,6080
Lautaro Andrés,Lorca,39455202,1999-12-05,642
Dylan Agustin,Marini,25002695,2003-05-06,3335
Fernando Ezequiel,Arredondo,22545329,1994-02-08,4252
Lucas Alejandro,Contreras,20284197,1990-06-17,2134
Milagros Antonella,Saldaña,32180776,1984-10-06,8488
Alan Nahuel,Lorenzo,35557630,2000-01-14,1773
Tobias Nahuel,D'Elia,23196404,1998-11-18,6800
Joel,Gómez,31319105,1989-10-21,3276
Lucca,Sorbera,22940718,1985-03-02,5367
Martin Ignacio,Hoffmann,26475163,1991-01-12,1689
Matias Joaquin,Vargas,20099941,1986-09-13,85
Nahuel Ezequiel,Pavón,24906537,2000-02-04,3658
Milagros Rocío,Ramírez,35192697,1983-10-26,3251
Alejandro Ezequiel,Varela,32532057,2000-08-28,6294
Valentina Ailén,Duarte,35574355,1980-09-17,3193
Alejandro Daniel,Mejía,27886652,2000-02-21,4964
Zoe Valentina,Rivas,36253179,1996-10-10,5062
Maximo Alejandro,Sorbera,38277580,1981-10-15,6134
Pablo,Salem,25977608,1984-12-18,3812
Luciano Joaquin,Salvador,20747267,1989-11-22,463
Ludmila Ailen,Jiménez,31671568,1982-02-06,4090
Brisa Valentina,Farías,33598762,1982-05-16,9774
Enzo Gabriel,Mamani,33086332,1996-09-21,4545
Estefania,Rivera,36782139,1991-06-03,4996
Maria Sofia,Mancuso,20709317,1994-11-12,2971
Kiara Abigail,Giordano,23977423,2000-05-03,1873
Thiago Sebastian,Huarte,31550894,2001-03-01,242
Ivo,Andrade,37407065,1995-02-14,5700
Brenda,Díaz,35264087,1986-08-23,2529
Florencia Valentina,Raimundo,21089389,1996-05-21,9270
Pablo Nicolas,Huergo,36315373,1983-12-30,6383
Juan Antonio,Godoy,28403715,2003-07-05,8046
Brian Nicolas,De León,26774641,1991-04-15,7456
Leon,Díaz,20407211,1994-11-04,1840
Gonzalo Martín,Schapira,32325022,2002-07-25,3703
Alejo Benjamin,Mora,31734330,2001-08-23,9820
Javier Alejandro,Abadía,38625768,1992-06-30,5754
Alexis Nicolas,Mora,24066359,1980-08-20,1011
Ana Victoria,Flores,38210533,1995-10-18,1345
Maria Clara,Demichelis,27568167,1995-09-02,3955
Jorge Luis,Ramírez,30346352,1986-04-26,2813
Maximiliano Agustin,Contreras,27870229,1999-01-08,3232
Ignacio Tomas,Maradona,24606786,1998-04-22,7006
Ramiro Ezequiel,Castillo,33460972,1988-12-14,2302
Santiago Manuel,Castillo,32386602,1989-05-19,6203
Candela Aylen,Vasile,25033994,1996-11-11,6568
Serena,Lorca,34812468,1990-04-22,9628
Selene,Quispe,31862622,1996-06-07,5769
Stefano,Marino,29732859,1986-10-20,1347
Ismael,Sorbera,20448270,1999-12-17,609
Priscila Magali,Pinedo,31506483,1986-02-01,8961
Helena,Portillo,38754463,1996-02-03,7461
Ana Maria,Farías,23487838,2003-02-20,9397
Miranda,Rojas,24474201,1993-05-06,5793
Tobias Nicolas,Rotman,22965019,1985-03-17,4716
Jorge Daniel,Huergo,28713536,1992-12-05,6096
Benjamin Nicolas,Rojas,31811685,1983-08-31,5390
Bautista Benjamin,Santos,21666279,2000-05-16,6129
Santiago Sebastian,Hoffmann,20941091,1984-10-12,180
Valentina Nicole,Huarte,23434122,2002-01-08,1872
Ana Valentina,Rodríguez,35772894,1995-12-29,6338
Martin Gabriel,D'Elia,24791314,2003-07-20,4942
Morena Valentina,Nave,22435286,1999-02-07,4478
Joaquin Leonel,Sotomayor,27763802,1996-06-21,957
Lucía Magalí,Sberna,25579053,1995-11-25,8382
Matias Ignacio,Goicochea,31750750,1998-04-21,7860
Ignacio Sebastian,Rodríguez,38616807,1984-01-26,4529
Santiago Jesus,Sberna,27740986,1994-10-08,855
Federico Ezequiel,Scanone,24967600,2004-02-16,8055
Marcos Daniel,Demichelis,25048047,1993-08-08,5205
Mauricio,Giménez,20849142,1984-06-08,7017
Gabriel Nicolas,Marini,25848250,1986-07-05,7466
Nicolas Martin,López,22456156,1982-12-22,9532
Samuel,Carranza,38494433,1989-02-15,9201
Santiago Lionel,Schapira,30009377,1999-11-10,8399
Agustin Emanuel,Díaz,26593927,1985-09-09,3607
Tiago Nicolás,Soto,30084516,1981-08-07,2794
Camila Rocio,Saldaña,37995953,1993-03-04,8380
Diego Agustin,Fazzi,23742325,1995-09-23,675
Marcos Nahuel,Marino,37437143,1998-04-13,6569
Kiara Valentina,Quispe,33101879,2000-10-27,4202
Joaquin Sebastian,Gonzales,39035674,2000-03-27,3143
Milagros Jazmin,Rojas,25553024,1983-06-10,5156
Diego Alejandro,Sánchez,24604039,1984-04-25,3299
Rodrigo Gabriel,Mariani,30748691,1985-01-24,1831
Gonzalo Joaquin,Farina,27986746,2001-07-11,2740
Tiago Benjamin,Casas,33005400,1995-05-26,6890
Facundo Benjamin,Sojero,22789444,1992-02-05,6908
Antonella Belén,Vargas,28478213,1986-12-31,9270
Emilio,Nari,28605457,1985-03-20,4143
Ignacio Nahuel,Nari,39958752,1993-11-21,9945
Alan Leonel,Ibáñez,25420879,1989-07-09,2115
Julieta Abigail,Sosa,34592589,1980-02-04,1520
Maria Isabel,Lorenzo,35099166,1980-12-29,4227
Ana Gabriela,Andrade,33180798,1992-09-14,3927
Sofia Ayelen,Salem,28047824,1993-11-15,4578
Gianella,Zurich,34545052,2004-01-26,9348
Juan Segundo,Portillo,27340369,2001-09-10,3013
Ailen,Saldaña,22382713,2000-02-26,7424
Jonathan,Mejía,24986859,1986-10-03,6973
Alex,Amenedo,34625056,1989-10-04,277
Sol Agustina,Marino,25517542,1998-08-24,2368
Tiago Agustin,Gutiérrez,36904105,1998-01-16,5001
Ariadna,Sánchez,28491224,1985-01-19,8360
Kiara Aylen,Rivas,24025144,1986-04-13,2269
Javier,Rebollo,22333645,2001-10-13,2327
Cristian Ezequiel,Hoffmann,39810039,2002-06-29,6742
Daniel Agustin,Díaz,20028659,1991-02-07,600
Juan Roman,Loreto,20826163,1997-10-03,7653
Leonardo Gabriel,Carranza,39801560,1983-01-22,8313
Gonzalo Emanuel,Loreto,25833408,1995-05-13,8119
Maximo Gabriel,Portillo,39964149,1997-04-15,8481
Miguel Alejandro,Pérez,38410026,1994-07-20,732
Gastón Ezequiel,Galán,20150705,1998-02-27,6339
Rodrigo Emanuel,Pereira,34783203,2003-10-02,1736
Lucas Valentin,Salazar,36612605,1981-08-23,4818
Brenda Magali,Mamani,38152205,1992-02-11,6773
Lucas Matias,Mariani,39494662,2000-10-10,7591
Fernando Agustin,Rebollo,33251761,1981-03-17,1760
Gonzalo David,Lorca,34491961,1987-07-17,8723
Lucas Ivan,Leiva,24300393,1991-01-08,7000
Joaquín Emanuel,Mancuso,29032418,2004-08-02,6724
Francisco Gabriel,Villalba,30817161,2004-01-18,436
Tiago Nahuel,Pérez,38158630,1990-08-04,4300
Ezequiel Agustin,Rodríguez,38548604,1987-09-30,9843
Cristian Daniel,Soto,26256680,1988-01-17,1013
Valentina Nahir,Fornerón,24249536,1998-01-04,4773
Rocio Ailen,Quispe,22059101,2000-05-30,4249
Valentina Sofia,Marchi,27713588,1994-01-06,5329
Tomas Leonel,Pedone,31373523,2002-10-22,8289
Agustina Ailen,Benítez,27537927,1980-01-04,470
Lucia Valentina,Basile,35275853,1992-03-13,2295
Victoria Belen,Rivera,23955308,1981-07-22,8910
Iara Belen,Fornerón,21165810,1993-09-09,900
Kiara Belen,Gómez,24000529,1996-06-17,3576
Antonio,Pereyra,28197126,1984-10-30,5176
Lautaro Joel,Zambrano,31492576,1986-08-27,1591
Jonathan David,Espinoza,37713393,1983-06-05,2685
Luciano Nahuel,Salem,22377583,1996-04-03,4945
Renzo,Rodríguez,38304608,1982-08-15,6764
Camila Antonella,Sotomayor,23961817,1983-08-27,8512
Leonardo Ezequiel,Salamone,34568816,2002-11-20,2348
Cristian Ariel,Scioti,28369695,2002-06-24,1299
Brisa Abril,Nari,28906141,1987-09-10,8577
Lourdes Milagros,Loreto,21989340,1993-12-01,8122
Jimena,Salamone,36601809,1995-03-04,8535
Lautaro Ismael,Rómulo,25607214,1991-11-04,1032
Micaela Abigail,Benítez,37389997,1980-06-03,6976
Alexis Daniel,Silva,37944261,1980-06-15,5988
Luna Morena,Goicochea,22460371,1998-11-05,2450
Mauro Ezequiel,Flores,24309072,2000-02-08,7545
Lourdes Abigail,Rivas,31624447,1993-04-15,6655
Agustin Ariel,Casares,34288722,1982-10-05,5369
Joaquin Tomas,Castillo,35499943,1994-09-11,4620
Franco Ariel,Hoffmann,29898402,1989-08-30,8168
Ariana Abigail,Varela,30985249,1996-10-27,9088
Pablo Gabriel,De Luca,27907722,1999-09-17,1272
Lautaro Ivan,Vasile,20483499,1987-04-08,8680
Thiago Alejandro,Godoy,26063308,1985-09-12,2213
Facundo Javier,Huarte,38960685,1980-11-11,295
Santiago Matias,Marini,32978025,1985-01-11,1440
Axel Joel,Pedone,23161062,1989-11-30,3362
Franco Valentin,Nari,25104515,1990-01-31,9975
Jose Gabriel,Pavón,28340858,1993-06-30,9748
Valentin Ezequiel,Farina,26809013,1986-10-01,5959
Facundo Alejandro,Castro,24831663,1992-07-16,7863
Luciana Abigail,Casas,29418905,1986-06-11,8444
Mariano Agustin,Mamani,20122002,1985-09-10,2430
Brisa Ailen,Goicochea,20360570,1987-10-03,2863
Milagros Lucia,Rotman,23296421,1982-03-15,2175
Ivan Alejandro,Rivera,37640509,2001-02-01,6957
Nicolas Ariel,Díaz,29941543,1999-11-21,744
Lucas Ignacio,Mora,26078681,1991-04-11,1222
Alejo Agustin,Borges,33945286,1998-10-21,5833
Sol Valentina,Rotman,34670961,1995-07-23,5111
Priscila Abril,Galán,35571895,1997-02-07,4115
Luka,Abadía,33771868,1981-04-22,5904
Mauro,Silva,22348908,1999-08-29,6062
Facundo David,Varela,28041945,2002-12-11,5080
Agustin Sebastian,Hernández,25493677,1998-10-28,6663
Jonathan Gabriel,Marín,27573593,1982-08-06,6530
Kevin Leonel,Vera,22441921,1983-10-03,7797
Camila Valentina,Leiva,26983154,1998-02-26,7180
Agustin Nahuel,Scioti,26328397,1986-11-21,6035
Tobias Valentín,Marino,27711827,1992-12-26,5343
Brisa Antonella,Marini,38311048,1982-02-27,6761
Gregorio,García,35527576,2001-03-15,2482
Donato,Huergo,22778898,1981-04-09,2175
Axel Ariel,Hoffmann,20384517,1986-08-27,7828
Martina Guadalupe,Scanone,26318840,1989-07-21,4102
Melany,Soto,36302982,1981-09-07,4142
Maria Alejandra,Gómez,26481393,1994-07-29,6998
Pablo Sebastián,Rojas,29487349,1991-06-03,9463
Gabriela,Reyes,20224381,1999-10-25,7725
Agustin Tomas,Lorenzo,36725393,2002-06-03,9916
Abril Micaela,Totora,33522800,1996-04-02,795
Valentin Nicolas,Leal,24917084,2004-02-15,4819
Camila Victoria,Arellano,32068752,1981-09-16,8690
Diego Ezequiel,Casares,32720645,1986-07-06,8082
Enzo Nicolás,Borges,29525311,1989-07-22,5646
Elias Benjamin,Fava,37746960,1999-09-20,8111
Maximo Nicolas,Rotundo,33549137,1991-02-20,2152
Camila Guadalupe,García,27137880,1985-12-13,7321
Berenice,Hidalgo,36277869,1995-06-01,2375
Luciano Martin,Surace,34048515,1989-05-19,7771
Valentina Pilar,Álvarez,31945840,1981-07-16,2477
Brisa Agustina,Marini,22809488,1981-09-25,3812
Franco Martin,D'Elia,36937517,1983-12-25,5457
Kevin Uriel,Hidalgo,38707480,1985-07-05,1148
Lucas Tomás,Mancuso,38773993,1990-04-12,9066
Dylan Nahuel,Raimundo,27084560,1981-07-11,9217
Marcos David,Lorca,33806387,1985-08-12,9630
Brisa Belen,Villalba,20371739,1987-08-29,5983
Federico Gabriel,Muñoz,38098049,1984-06-20,2784
Mirko,Pérez,24238700,1980-02-12,6881
Tiago Ezequiel,Giordano,26261790,2002-06-06,6715
Natalia,Pereyra,23846194,1980-01-25,4986
Matías Javier,Villalba,39656504,2003-10-29,4420
Ariel Alejandro,Lorenzo,25434481,2003-12-10,3617
Solana,Leiva,23712247,1989-02-04,164
Milagros Celeste,Sojero,26793416,1986-01-07,7861
Luz,Pereira,32112361,2003-12-11,5856
Mia Abril,Marín,23401605,1991-04-08,1327
Facundo Manuel,Jiménez,26363780,1987-02-20,4304
Guido,Rebollo,25963313,1992-09-06,7961
Adrian,Marini,32368090,2004-07-03,6436
Luciano Andres,Casares,29567104,1996-10-28,7526
Milagros De Los Angeles,Marino,34855533,1992-02-21,747
Candela Lucia,Saldaña,34623782,1996-01-19,6999
Nahuel Nicolas,Fazzi,30580674,1986-02-02,4146
Kevin Gabriel,Vasile,38354458,1992-05-04,7984
Gonzalo Benjamín,Andrade,27514556,1992-01-02,8686
Cristian David,Arellano,38560463,1998-08-05,2450
Agustin Ignacio,Marino,35847209,1984-02-23,5275
Lucas Damian,Rotman,35713755,1982-04-15,2429
Carlos Alberto,Villalba,32049257,1988-10-06,3374
Juan Daniel,Jiménez,20368887,1993-08-03,6246
Elena,Rivas,25727015,1994-05-14,1994
Kiara Agustina,Zurich,22975671,1980-07-19,1816
Matilda,Mejía,26563701,1998-03-14,5265
Abril Antonella,Nessi,36321878,1984-12-03,2354
Lionel Agustin,Maradona,39956322,1984-12-18,7684
Segundo,Fava,29514226,2001-11-27,8535
Angela,Rodríguez,29820350,1986-10-08,7358
Rocio Abril,Lorenzo,31051063,1986-11-15,8617
Daiana,Nari,26556143,1997-07-09,2529
Axel Maximiliano,Rosso,39623386,1994-04-23,8093
Alan David,Silva,20374015,1992-01-11,2553
Florencia Micaela,Pineda,27979323,1987-07-28,996
Diego Nicolas,Gonzales,38647421,1986-06-23,3103
Mauricio Nicolas,Zambrano,33309437,1995-05-05,6530
Priscila Milagros,Lorenzo,26029617,1993-01-16,5479
Maria Catalina,Silva,35207929,1986-01-13,4239
Axel Javier,Huarte,38023883,2001-11-21,7996
Victoria Valentina,Fernández,24025211,1991-01-17,4740
Martiniano,De León,20844320,1987-08-31,605
Juan Diego,Carrizo,24324879,1995-01-01,7142
Diego Armando,Godoy,30764619,1996-12-04,1318
Agustin Maximiliano,Hoffmann,23263222,1988-02-25,3515
Maria Trinidad,Castro,34509565,1990-01-08,437
Margarita,Rebollo,29030565,1993-12-02,9429
Evelyn,González,36958708,1981-01-08,5243
Diego Martin,Varela,24754150,1983-03-07,6631
Alexis Sebastian,Sánchez,23867671,1991-11-09,4778
Priscila Jazmin,Contreras,31921788,1987-12-10,4032
Julieta Agustina,Villalba,28356128,1987-10-02,4919
Brenda Abigail,Jiménez,24406546,2001-01-24,7075
German,Sala,33513402,1988-05-26,5734
Axel Rodrigo,Loreto,37659809,1991-11-10,7237
Kevin Joel,Godoy,26247773,1980-01-07,5314
Micaela Soledad,Santos,28382075,1997-02-07,4549
Jose Fernando,Vargas,23901288,1998-08-05,1972
Francisco Ezequiel,De León,26735361,2003-08-04,6091
Franco Javier,Borges,34548548,1995-08-13,556
Federico Nahuel,Lorca,31385199,1989-10-24,4730
Kevin Alejandro,Raimundo,38538329,1989-05-30,3330
Nicolas Daniel,Vasile,20419579,1986-09-04,9629
Priscila Ailen,Jiménez,36735034,1982-07-09,1781
Maria Elena,Farías,21416835,1981-04-10,9874
Cristian Alejandro,Carranza,27721898,1996-08-22,4232
Celeste Milagros,Scioti,36523684,1999-06-27,277
Priscila Nicole,Castillo,20796092,1995-06-10,4227
Maximo Joaquin,Schapira,33308783,1988-05-20,5474
Micaela Aylen,Rosso,34830011,1981-08-26,1808
Ezequiel Nicolas,Goicochea,21121029,1996-04-05,6530
Rocio Jazmin,De León,20114970,2000-01-25,7549
Candela Guadalupe,Rivera,24235433,2002-08-20,4831
Franco Lautaro,Galán,37592073,2001-04-27,8948
Maria Mercedes,Varela,30769428,1982-05-05,4581
Axel Sebastian,Borges,28902613,1992-05-23,6106
Kevin Ariel,D'Elia,28347508,1995-09-11,2366
Candela Ailen,Salamone,23384066,1983-04-05,8064
Brandon Ezequiel,Villalba,24671162,2002-12-03,944
Juan Ramon,Rivas,36973419,2003-03-24,1710
Angeles,Villalba,34637543,2001-07-20,6207
Axel Benjamin,Salem,39684352,2000-04-28,7281
Faustina,Marini,23468161,2000-04-18,5128
Axel Emanuel,Farina,24808990,1994-06-29,113
Alina,Hoffmann,25429123,1982-10-20,7647
Paula Valentina,Martínez,26843294,1999-05-12,3853
Thiago Daniel,Saldaña,22189937,2001-04-30,2234
Sabrina,Pérez,26856306,2001-05-01,5137
Nicolas Nahuel,Marchi,21893388,1985-04-25,2457
Pablo Daniel,Morales,34206757,1992-05-03,3340
Nicolas Andres,Fernández,29280858,1992-01-13,7949
Maria Antonella,Flores,31881754,2004-05-28,2815
Martina Pilar,Hoffmann,24052849,1996-06-16,4611
Bautista Ezequiel,Schapira,39408913,1998-04-29,5644
Lara Agustina,Rosso,27680893,1999-07-02,3592
Joaquin Ariel,Godoy,28844361,1990-07-14,3399
Tomas Uriel,Muñoz,20066190,1989-01-07,1003
Lautaro Maximiliano,Muñoz,29582108,1997-12-05,9893
Santiago Román,Huergo,30538000,1980-10-20,7446
Valentina,Vera,20965531,2001-09-19,4519
Santiago,Álvarez,29798894,1995-02-01,7593
Martina,Zambrano,33805847,1996-11-09,7552
Joaquin,Huergo,22382669,1996-11-30,7696
Juan Ignacio,Raimundo,28882640,1981-03-04,5983
Sofia,Sorbera,23812297,1996-12-15,6999
Tomas,Pinedo,23131494,1984-04-15,6929
Bautista,D'Elia,25748684,1992-07-06,1118
Mateo,Castro,38216613,1981-07-24,3687
Catalina,Sberna,36946618,1993-10-21,5644
Benjamin,Amenedo,27525268,1996-05-10,909
Agustin,Salvador,35871199,1991-08-08,5324
Santino,Vera,24993689,2000-01-08,1703
Juan Cruz,Zurich,24488667,2004-03-31,6284
Camila,Lorca,31843044,1995-05-29,8931
Francisco,Rotman,32764079,1995-09-14,8189
Ignacio,Varela,39475724,1990-10-24,5421
Lautaro,Zambrano,30032777,1992-04-05,2335
Juan Pablo,De León,20984940,1989-07-23,3327
Valentino,Rómulo,38192660,2003-11-20,1121
Lucia,Salamone,39284927,2002-02-05,4395
Delfina,Carrizo,22181053,1990-10-29,8140
Agustina,Sala,24534087,2000-12-27,7971
Abril,Quispe,37205651,1996-01-26,7677
Victoria,Marini,38629280,1992-10-18,5220
Guadalupe,Borges,31563467,1997-09-09,7626
Nicolas,Sorbera,33847830,1986-04-25,8906
Valentín,Raimundo,26183349,1994-03-30,1312
Julieta,De León,26525300,1999-11-02,8068
Morena,Rivas,24687072,2003-10-15,9780
Candela,Jiménez,29585117,1998-08-26,4589
Milagros,Mamani,34474126,2001-04-27,8946
Facundo,Galán,33087713,1980-07-17,1858
Matias,Saldaña,30374116,1981-03-16,9360
Maria Victoria,Ramírez,34798302,1984-07-24,2158
Josefina,Quispe,25408021,1993-05-31,6824
Franco,Gutiérrez,36795521,1996-12-11,1526
Juan Manuel,Gómez,33706277,1983-07-05,2368
Felipe,Moreno,20642231,2003-07-16,6263
Juana,Pérez,27472482,1985-07-06,1577
Lucas,Mariani,32306438,1991-01-02,6942
Maximo,Delgado,35677251,1992-11-09,9124
Pilar,Valenzuela,36733811,1983-09-09,3575
Juan Bautista,Rotman,34982441,2001-05-29,2402
Lautaro Ezequiel,Lorca,35785070,1980-10-22,62
Thiago,Maradona,27592116,1982-10-26,9171
Malena,García,26315925,1988-08-16,1842
Lola,Carrizo,29120315,1996-04-05,1661
Mia,Sala,25459396,2001-07-25,1342
Santiago Nicolas,Zurich,29827222,1995-12-05,5412
Matias Ezequiel,Saldaña,35737330,1996-08-09,2037
Martin,Huarte,38497357,1990-11-29,9551
Ana Paula,Mejía,28064581,1982-08-10,9162
Tomas Agustin,Zurich,34514280,2002-06-24,6133
Manuel,Mariani,39457248,2000-08-27,6828
Agostina,Rotman,25296635,1992-03-11,6464
Ramiro,Salem,25798191,1984-01-11,1222
Constanza,Jiménez,21531756,1994-12-20,6780
Maria Belen,Leal,28472000,1988-09-15,7390
Luca,Vargas,20041919,2000-09-09,4918
Bruno,Soto,21267206,2002-06-05,7140
Micaela,Mariani,34735719,1984-12-06,7219
Lara,Nari,23970411,1991-10-24,6519
Federico,Marín,25360413,1985-05-04,8923
Lautaro Agustin,Mancuso,24735946,1990-07-17,9965
Julian,Portillo,23413474,2001-03-28,2185
Lautaro Nicolas,Sosa,23066366,1990-04-09,7491
Bianca,Morales,20882820,2000-07-07,9902
Tobías,Rebollo,23271944,2003-07-14,7833
Renata,Gonzales,22595665,1986-07-30,6342
Pedro,Díaz,37356119,1991-03-28,1736
Gonzalo,Pereyra,29978816,1981-06-11,5440
Sofía Belén,Benítez,25274157,1981-11-16,4545
Lautaro Benjamin,Leiva,35336475,2002-06-07,2312
Florencia,Casares,31328351,1998-04-23,4337
Juan Gabriel,Leal,29759273,2001-02-24,713
Rocio Belen,Amenedo,39432504,1986-07-02,1550
Lautaro Nahuel,Marini,30009196,1989-03-29,2727
Miguel Angel,Zambrano,32306136,1986-05-20,583
Santiago Agustin,Carrizo,36587222,1988-05-14,73
Sebastian,Duarte,39200984,2001-07-21,5356
Emilia,Duarte,24647197,1987-07-21,5536
Jazmin,Muñoz,27335121,1990-04-29,674
Clara,Godoy,29556771,1991-03-26,2651
Camila Belen,Reyes,37730274,1986-01-28,6911
Jeremias,Marino,35539988,1991-07-16,7194
Mora,Nari,33137606,2004-01-20,283
Luciano,Pavón,25134280,1999-04-15,7067
Alejo,Soto,20604075,1993-09-25,9002
Julia,Totora,25682967,1994-07-12,9270
Maria Valentina,Sosa,36454017,1999-03-02,6582
Rocio,Marchi,35576199,2001-04-10,2001
Antonella,Leal,33346291,1984-09-08,6474
Simon,Flores,24357746,2002-09-04,931
Maria Sol,Raimundo,35881619,2003-11-03,450
Lucas Ezequiel,Carranza,37339108,1993-08-25,2234
Maria De Los Angeles,Mora,27040308,2002-03-13,3934
Guillermina,Villalba,28934389,1983-05-22,8273
Valentina Abril,Silva,24058874,1994-02-27,7963
Matias Nicolas,Pinedo,39351981,1991-07-07,6398
Paloma,Salvador,22776915,1998-07-17,5142
Maria Emilia,Contreras,23394135,2003-03-23,2102
Juan Martin,Marini,33918475,1991-12-25,4726
Ezequiel,Totora,35735506,1985-01-07,2281
Facundo Nicolas,León,33152669,1984-07-12,9314
Paulina,Soto,22127515,2000-08-11,9275
Maria Jose,Castillo,27676209,1980-07-15,2293
Juan David,Nave,31542664,1991-01-21,9077
Lautaro Gabriel,Salem,21144592,1987-09-12,2315
Juan Jose,López,39709712,1982-12-14,2388
Tiziano,Santana,36320465,1981-10-14,9641
Lorenzo,Espinoza,37334032,1990-12-05,3882
Santiago Ezequiel,Quispe,20111688,1987-05-31,3250
Maria Luz,Pérez,36935136,2001-04-22,502
Lourdes,González,38602606,1992-07-08,3482
Agustin Ezequiel,De Luca,29708584,1986-05-12,8022
Angelina,Morales,20848625,1983-10-28,9163
Ludmila,Pedone,31705371,1985-06-06,7503
Maria Paz,D'Elia,22164818,1997-09-17,5961
Priscila,Ibáñez,37237375,2000-09-09,7695
Milagros Belén,Surace,38002545,1993-03-01,7013
Marcos,Sosa,37414408,1987-01-06,8700
Nahuel,Leiva,27752796,1997-12-25,8
Milena,Marín,23464699,1998-03-11,6881
Luciana,Farina,22099279,1987-11-24,3908
Agustina Belen,Vargas,31148131,2004-07-25,6209
Tomas Ezequiel,Rómulo,36919152,1993-01-18,4368
Nicolas Agustin,Vera,39559131,1996-09-19,439
Giuliana,León,32549238,1997-05-14,8614
Santiago Gabriel,Marini,21373686,2004-06-19,5307
Juliana,Loreto,30154112,1985-10-29,1781
Ivan,Mariani,36119000,1992-03-18,8409
Maximiliano,Sánchez,27088096,1981-06-04,4023
Maria Guadalupe,Portillo,30234356,1994-06-08,7020
Isabella,Hidalgo,22519959,1986-02-11,4210
Santiago Tomas,Marino,36869596,1992-09-04,2117
Angel Gabriel,Mariani,20764402,1987-08-13,8537
Jose Luis,Saldaña,35330382,2002-05-25,7664
Santiago Nahuel,Gonzales,36385330,2002-08-02,9301
Gabriel Alejandro,Leiva,31436846,1993-10-27,8968
Tiago,Rebollo,32662028,1981-06-05,6019
Joaquín Ignacio,Reyes,31210630,1989-05-21,4127
Carolina,Rotman,30771189,1984-01-12,1984
Candelaria,Delgado,20798868,1990-01-05,1493
Octavio,Vargas,35889202,1992-12-12,5732
Jose Ignacio,Moreno,35500915,1989-12-11,6634
Sol,De León,25005208,1984-06-14,7240
Juan,Salamone,27625663,1985-08-03,5975
Lucia Belen,Rebollo,22797266,1988-11-01,6911
Dante,Lorca,26495732,1991-10-31,8298
Franco Ezequiel,Mora,22641361,1995-11-04,7195
Lucas Gabriel,Rebollo,24043134,1988-11-14,8187
Lautaro Joaquin,Rodríguez,37709717,1996-01-19,6170
Juan Francisco,León,34365594,1982-06-15,8794
Geronimo,Vasile,20959099,2003-02-25,461
Emiliano,Lorca,20715460,2003-11-26,784
Emma,Agüero,31984352,1998-07-27,7995
Gabriel,Fornerón,22136224,2003-11-09,5285
Maria Agustina,Fernández,35161891,1985-08-12,3784
Agustin Nicolas,Muñoz,38948261,1989-01-13,1689
Olivia,Zurich,23189922,1993-07-11,320
Rodrigo Alejandro,Rojas,28259796,1999-05-22,5733
Nicolas Ezequiel,Maradona,29557911,1992-03-12,1262
Maria Eugenia,Quispe,28566728,1981-05-16,2942
Joaquin Ezequiel,Leal,30925290,1995-08-10,7784
Lautaro Daniel,Rotman,26789179,2004-02-21,2010
Juan Carlos,Mejía,33080575,1987-06-26,3786
Maia,Nave,33384681,1988-05-30,2371
Milagros Valentina,García,22983905,1991-12-15,7531
Milagros Abril,Sala,37917258,1981-11-15,1238
Franco Agustin,Pinedo,34033169,1991-06-19,2747
Brisa,Gómez,20162685,1988-09-15,4573
Leonel,Casares,32041095,1980-11-13,7756
Zoe,Sala,32257484,2003-09-12,5979
Augusto,González,38658520,1983-11-16,3061
Lisandro,Farías,36409382,2000-08-19,3818
Abigail,Pereira,39693896,1993-07-20,712
Lucio,Zurich,26981548,1981-04-08,4789
Alma,Farías,39590793,1981-02-09,7266
Amparo,Soto,35599255,2003-08-08,8909
Facundo Ezequiel,Nari,30651002,1982-07-10,9077
Salvador,Villalba,34041059,1985-07-21,7425
Rodrigo,Rotman,39740787,1999-12-16,9753
Thiago Agustin,Gonzales,29485077,1995-12-16,4618
Matias Nahuel,Gutiérrez,27646260,2004-06-27,4025
Franco Nicolas,Sánchez,36440488,1998-12-11,181
Gonzalo Ezequiel,Amenedo,20393792,1990-06-03,4981
Ignacio Agustin,Pineda,26783656,1983-10-23,7702
Lautaro Leonel,Gonzales,38793441,1999-12-12,2437
Magali,Basile,21981783,1995-10-05,3251
Matias Agustin,Abadía,25434270,1989-06-23,3227
Santiago Benjamín,Mora,30350727,1997-07-25,2973
Milagros Ayelen,Gonzales,32585520,1981-11-14,5017
